year	archive_index	triage_priority	technical_signals	potential_non_mobile_context	source_page	citation_excerpt	review_state
2023	12	HIGH	MICROCHANNEL		https://www.itp.nsc.ru/publikacii/2023/2023stati.html	Dementyev Yu.A., Chinnov E.A., Ronshin F.V., Evstrapov A.A., Gusev V.S., Karpich S.S., Kabov O.A. An experimental investigation of two-phase gas-liquid flow patterns in extremely small gap microchannel // Interfacial Phenomena and Heat Transfer. – 2023. – Vol. 11, iss. 2. – P. 123-133. DOI ; РИНЦ	UNREVIEWED_NOT_COUNTABLE
2023	22	MEDIUM	BOILING_CRISES		https://www.itp.nsc.ru/publikacii/2023/2023stati/2.html	Kuznetsov V.V., Shamirzaev A.S. Boiling heat transfer with freon r-21 in vertical downflow for assembly of minichannels with inclined texture // Journal of Engineering Thermophysics. – 2023. – Vol. 32, iss. 3. – P. 455–461. DOI ; РИНЦ	UNREVIEWED_NOT_COUNTABLE
2023	23	MEDIUM	BOILING_CRISES		https://www.itp.nsc.ru/publikacii/2023/2023stati/2.html	Pavlenko A.N. Boiling in high temperature publications: from basic mechanisms to development of flow control methods for enhancement of heat transfer // High Temperature. - 2023. - Vol. 61, iss. 6. - P. 742-758. DOI ; РИНЦ (Павленко А.Н. Кипение в публикациях ТВТ: от базовых механизмов к разработке 	UNREVIEWED_NOT_COUNTABLE
2023	47	MEDIUM	BOILING_CRISES		https://www.itp.nsc.ru/publikacii/2023/2023stati/3.html	Malakhov I.P., Seredkin A.V., Chernyavskiy A.N., Serdyukov V.S., Mullyadzanov R.I., Surtaev A.S. Deep learning segmentation to analyze bubble dynamics and heat transfer during boiling at various pressures // International Journal of Multiphase Flow. – 2023. – Vol. 162. – 104402. DOI ; РИНЦ	UNREVIEWED_NOT_COUNTABLE
2023	53	HIGH	MICROCHANNEL		https://www.itp.nsc.ru/publikacii/2023/2023stati/3.html	Gorelikova A.E. , Randin V.V. , Chinak A.V. Dependence of the bubble velocity in an inclined flat channel on the gas volume fraction and bubble diameter // Journal of Applied Mechanics and Technical Physics. - 2023. - Vol. 64, iss. 1. - P. 73–78. DOI ; РИНЦ (Гореликова А.Е., Рандин В.В., Чинак А.В. 	UNREVIEWED_NOT_COUNTABLE
2023	55	MEDIUM	INTERFACE_CAPILLARY		https://www.itp.nsc.ru/publikacii/2023/2023stati/3.html	Rodionov A.A., Melnik A.V., Sulyaeva V.S., Shukhov Yu.G., Vasilev M.M., Starinskiy S.V. Deposition of transparent Al 2 O 3 coatings with extreme wetting properties by nanosecond laser ablation of aluminum in background oxygen // Technical Physics Letters. - 2023. - Vol. 49, iss.9. - P. 23-26. DOI (Р	UNREVIEWED_NOT_COUNTABLE
2023	57	MEDIUM	MEASUREMENT		https://www.itp.nsc.ru/publikacii/2023/2023stati/3.html	Sibiryakov N.E., Kochkin D.Yu., Kabov O.A., Karchevsky A.L. Determining the heat flux density in the area of a contact line during the evaporation of liquid into a bubble // Journal of Applied and Industrial Mathematics. – 2023. – Vol. 17, iss. 3. – P. 628–639. DOI ; РИНЦ (Сибиряков Н.Е., Кочкин Д.Ю	UNREVIEWED_NOT_COUNTABLE
2023	71	MEDIUM	INTERFACE_CAPILLARY		https://www.itp.nsc.ru/publikacii/2023/2023stati/4.html	Sakhnov A.Yu., Volodin O.A., Pecherkin N.I., Pavlenko A.N. Effect of contact angle on spreading of refrigerant mixture over the vertical cylinder // International Journal of Heat and Mass Transfer. - 2023. - Vol. 215. - 124484. - 16 p. DOI ; РИНЦ	UNREVIEWED_NOT_COUNTABLE
2023	79	MEDIUM	BOILING_CRISES		https://www.itp.nsc.ru/publikacii/2023/2023stati/4.html	Moharana S., Sha B.B., Das M.K., Pecherkin N.I., Pavlenko A.N., Volodin O.A. Effect of tube rows on two-phase heat transfer characteristics of water over staggered tube bundles under flow boiling mode // Journal of Thermal Science and Engineering Applications. – 2023. - Vol. 15, iss. 5. - 050904. - 	UNREVIEWED_NOT_COUNTABLE
2023	81	HIGH	HEAT_PIPE;BOILING_CRISES		https://www.itp.nsc.ru/publikacii/2023/2023stati/5.html	Zhukov V.E., Mezentseva N.N., Pavlenko A.N. Enhancement of heat transfer during nitrogen boiling on capillary-porous coatings under conditions of intense mass forces at high-speed rotation of cryostat // Journal of Engineering Thermophysics. – 2023. – Vol. 32, iss. 2. – P. 181–195. DOI ; РИНЦ	UNREVIEWED_NOT_COUNTABLE
2023	86	MEDIUM	BOILING_CRISES		https://www.itp.nsc.ru/publikacii/2023/2023stati/5.html	Pavlenko А.N., Kataev А.I., Mironova I.B. Evaporation and boiling heat transfer at film irrigation of horizontal roughened tubes // Journal of Engineering Thermophysics. – 2023. – Vol. 32, iss. 4. – P. 657–671. DOI ; РИНЦ	UNREVIEWED_NOT_COUNTABLE
2023	88	MEDIUM	BOILING_CRISES		https://www.itp.nsc.ru/publikacii/2023/2023stati/5.html	Starinskaya E., Miskiv N., Terekhov V., Safonov A., Li Yu., Lei M.-K., Starinskiy S. Evaporation dynamics of sessile and suspended almost-spherical droplets from a biphilic surface // Water. – 2023. – Vol. 15, iss. 2. – 273. - 11 p. DOI ; РИНЦ	UNREVIEWED_NOT_COUNTABLE
2023	98	MEDIUM	INTERFACE_CAPILLARY		https://www.itp.nsc.ru/publikacii/2023/2023stati/5.html	Starinskiy S.V., Safonov A.I., Rodionov A.A., Miskiv N.B., Starinskaya E.M. Experimental confirmation of the contact angle transcendence phenomena on a superhydrophobic surface // Chemical Engineering Science. – 2023. – Vol. 281. – 119173. DOI ; РИНЦ	UNREVIEWED_NOT_COUNTABLE
2023	102	HIGH	MICROCHANNEL		https://www.itp.nsc.ru/publikacii/2023/2023stati/6.html	Bartkus G.V., Filatov N.A., Bukatin A.S., Kuznetsov V.V. Experimental study of interfacial mass transfer in a slug flow of ethanol — CO 2 mixture in a rectangular microchannel // Thermophysics and Aeromechanics. - 2023. - Vol. 30, iss. 3. - P. 475–486. DOI ; РИНЦ (Барткус Г.В., Филатов Н.А., Букатин	UNREVIEWED_NOT_COUNTABLE
2023	103	HIGH	MICROCHANNEL		https://www.itp.nsc.ru/publikacii/2023/2023stati/6.html	Bartkus G.V., Kuznetsov V.V. Experimental study of mass transfer for gas-liquid flow in rectangular microchannel // AIP Conference Proceedings. – 2023. – Vol. 2504, iss. 1. – 030073. DOI	UNREVIEWED_NOT_COUNTABLE
2023	104	HIGH	MICROCHANNEL		https://www.itp.nsc.ru/publikacii/2023/2023stati/6.html	Vostretsov S., Yagodnitsyna A., Kovalev A., Bilsky A. Experimental study of mass transfer in a plug regime of immiscible liquid-liquid flow in a t-shaped microchannel // Energies. – 2023. – Vol. 16, iss. 10. – 4059. - 13 p. DOI ; РИНЦ	UNREVIEWED_NOT_COUNTABLE
2023	111	HIGH	MICROCHANNEL		https://www.itp.nsc.ru/publikacii/2023/2023stati/6.html	Ronshin F.V., Dementyev Yu.A., Chinnov E.A. Experimental study of two-phase flow regimes in slit microchannels // Microfluidics and Nanofluidics. – 2023. – Vol. 27, iss. 24. DOI ; РИНЦ	UNREVIEWED_NOT_COUNTABLE
2023	113	MEDIUM	BOILING_CRISES		https://www.itp.nsc.ru/publikacii/2023/2023stati/6.html	Surtaev Anton, Vladyko Ilya, Miskiv Nikolai, Serdyukov Vladimir, Pavlenko Konstantin Exploring heat transfer efficiency in non-boiling spray cooling // International Journal of Thermofluids. – 2023. – Vol. 20. – 100504. DOI ; РИНЦ	UNREVIEWED_NOT_COUNTABLE
2023	133	MEDIUM	BOILING_CRISES		https://www.itp.nsc.ru/publikacii/2023/2023stati/7.html	Brester A.E., Shvetsov D.A., Zhukov V.I., Pavlenko A.N. Heat transfer during evaporation/boiling of horizontal layers of liquid at low pressure // Journal of Engineering Thermophysics. – 2023. – Vol. 32, iss. 3. – Р. 415–454. DOI ; РИНЦ	UNREVIEWED_NOT_COUNTABLE
2023	144	MEDIUM	BOILING_CRISES		https://www.itp.nsc.ru/publikacii/2023/2023stati/8.html	Kuznetsov V.V., Shamirzaev A.S., Mordovskoi A.S. Influence of jet velocity on critical heat flux during two-phase microjet cooling of electronics with HFE-7100 // Journal of Engineering Thermophysics. – 2023. – Vol. 32, iss. 2. – P. 208–213. DOI ; РИНЦ	UNREVIEWED_NOT_COUNTABLE
2023	146	HIGH	MICROCHANNEL		https://www.itp.nsc.ru/publikacii/2023/2023stati/8.html	Bartkus G.V., Kovalev A.V., Yagodnitsyna A.A. Influence of low-frequency external pulsations of liquid flow rate on gas-liquid slug flow in a rectangular microchannel // Interfacial Phenomena and Heat Transfer. – 2023. – Vol. 11, iss. 1. – P. 1-9. DOI ; РИНЦ	UNREVIEWED_NOT_COUNTABLE
2023	150	HIGH	MICROCHANNEL		https://www.itp.nsc.ru/publikacii/2023/2023stati/8.html	Kovalev A.V., Yagodnitsyna A.A., Bilsky A.V. Influence of sinusoidal flow pulsations of the dispersed phase on the flow characteristics of immiscible viscous liquids in a T-type microchannel // Journal of Applied Mechanics and Technical Physics. - 2023. - Vol. 64, iss. 3. - P. 378–387. DOI ; РИНЦ (К	UNREVIEWED_NOT_COUNTABLE
2023	153	MEDIUM	INTERFACE_CAPILLARY		https://www.itp.nsc.ru/publikacii/2023/2023stati/8.html	Abdurakipov S.S., Lushkin A.P., Shatskiy E.N., Chinnov E.A. Influence of thermocapillary forces on the characteristics of falling liquid films // International Journal of Heat and Mass Transfer. - 2023. - Vol. 202. - 123496. - 31 p. DOI ; РИНЦ	UNREVIEWED_NOT_COUNTABLE
2023	158	MEDIUM	BOILING_CRISES		https://www.itp.nsc.ru/publikacii/2023/2023stati/8.html	Shvetsov D.A., Pavlenko A.N., Brester A.E., Zhukov V.I. Inversion of the boiling curve on microstructured porous coatings // High Temperature. – 2023. - Vol. 61, iss. 3. - P. 372–376. DOI ; РИНЦ (Швецов Д.А., Павленко А.Н., Брестер А.Е., Жуков В.И. Инверсия кривой кипения на микроструктурированных п	UNREVIEWED_NOT_COUNTABLE
2023	160	HIGH	MICROCHANNEL		https://www.itp.nsc.ru/publikacii/2023/2023stati/8.html	Litvinova D.V., Tsoy M.A., Kashkarova M.V., Kravtsova A.Y. Investigating the influence of the magnetic field on the flow of colloidal fluid in a microchannel system // Journal of Engineering Thermophysics. – 2023. – Vol. 32, iss. 2. – P. 398–404. DOI ; РИНЦ	UNREVIEWED_NOT_COUNTABLE
2023	176	MEDIUM	MEASUREMENT		https://www.itp.nsc.ru/publikacii/2023/2023stati/9.html	Cherdantsev A., Bobylev A., Guzanov V., Kvon A., Kharlamov S. Measuring liquid film thickness based on the brightness level of the fluorescence: Methodical overview // International Journal of Multiphase Flow. - 2023. - Vol.168. - 104570. - 22 p. DOI ; РИНЦ	UNREVIEWED_NOT_COUNTABLE
2023	178	HIGH	MICROCHANNEL		https://www.itp.nsc.ru/publikacii/2023/2023stati/9.html	Gluzdov D.S., Gatapova E.Ya. Microchannel surface structures for drag reduction // Journal of Engineering Thermophysics. – 2023. – Vol. 32, iss. 2. – P. 214–241. DOI ; РИНЦ	UNREVIEWED_NOT_COUNTABLE
2023	179	AMBIGUOUS	MICROCHANNEL	POSSIBLE_NON_MOBILE	https://www.itp.nsc.ru/publikacii/2023/2023stati/9.html	Pryazhnikov M., Pryazhnikov A., Skorobogatova A., Minakov A., Ivleva Y. Microfluidic study of enhanced oil recovery during flooding with polyacrylamide polymer solutions // Micromachines. – 2023. – Vol. 14, iss. 6. – 1137. - 16 p. DOI ; РИНЦ	UNREVIEWED_NOT_COUNTABLE
2023	182	MEDIUM	BOILING_CRISES		https://www.itp.nsc.ru/publikacii/2023/2023stati/10.html	Fedoseev A.V., Salnikov M.V., Ostapchenko A.E. Modeling of a single bubble dynamics at boiling by lattice Boltzmann method // Journal of Applied and Industrial Mathematics. - 2023. - Vol. 17, iss. 1. - P. 64–71. DOI ; РИНЦ (Федосеев А.В., Сальников М.В., Остапченко А.Е. Моделирование динамики всплыт	UNREVIEWED_NOT_COUNTABLE
2023	185	MEDIUM	INTERFACE_CAPILLARY		https://www.itp.nsc.ru/publikacii/2023/2023stati/10.html	Misyura S.Y., Andryushchenko V.A., Morozov V.S. Molecular dynamic simulation and experimental data on graphene wettability on heated structured surfaces // Experimental Heat Transfer. – 2023. – Vol. 36, iss. 6. - P. 808–825. DOI ; РИНЦ	UNREVIEWED_NOT_COUNTABLE
2023	191	MEDIUM	BOILING_CRISES		https://www.itp.nsc.ru/publikacii/2023/2023stati/10.html	Ashikhmin A., Semyonova A., Fedorov V., Misyura S., Piskunov M. Nucleate boiling heat transfer during water–IN–oil emulsion drop impact onto a heated solid surface // International Journal of Thermal Sciences. - 2023. - Vol. 184. - 107989. DOI ; РИНЦ	UNREVIEWED_NOT_COUNTABLE
2023	206	MEDIUM	BOILING_CRISES		https://www.itp.nsc.ru/publikacii/2023/2023stati/11.html	Piskunov M., Semyonova A., Ashikhmin A., Fedorov V., Khomutov N., Misyura S. On the instability of water-in-oil emulsion drop lamella and rim moving over a heated surface in the film boiling regime // International Journal of Heat and Mass Transfer. – 2023. – Vol. 202. – 123724. DOI ; РИНЦ	UNREVIEWED_NOT_COUNTABLE
2023	216	MEDIUM	BOILING_CRISES		https://www.itp.nsc.ru/publikacii/2023/2023stati/11.html	Moharana S., Sha B.B., Das M.K., Pecherkin N.I., Pavlenko A.N., Volodin O.A. Performance evaluation of 2x3 and 5x3 staggered tube bundle in upward cross flow boiling condition // AIP Conference Proceedings. – 2023. – Vol. 2863, iss. 1. – 020006. DOI	UNREVIEWED_NOT_COUNTABLE
2023	218	AMBIGUOUS	MICROCHANNEL	POSSIBLE_NON_MOBILE	https://www.itp.nsc.ru/publikacii/2023/2023stati/11.html	Yakimov A.S., Pryazhnikov A.I., Pryazhnikov M.I., Skorobogatova A.D., Minakov A.V. Plasma surface modification of PDMS-glass microfluidic chips for oil recovery studies // Applied Sciences. – 2023. – Vol. 13, iss. 11. – 6365. - 12 p. DOI ; РИНЦ	UNREVIEWED_NOT_COUNTABLE
2023	224	AMBIGUOUS	BOILING_CRISES	POSSIBLE_NON_MOBILE	https://www.itp.nsc.ru/publikacii/2023/2023stati/12.html	Ateş A., Benam B. P., Mohammadilooey M., Çelik S., Serdyukov V., Surtaev A., Koşar A. Pool boiling heat transfer on superhydrophobic, superhydrophilic, and superbiphilic surfaces at atmospheric and sub-atmospheric pressures // International Journal of Heat and Mass Transfer. – 2023.– Vol. 201, part 	UNREVIEWED_NOT_COUNTABLE
2023	225	HIGH	BOILING_CRISES;INTERFACE_CAPILLARY		https://www.itp.nsc.ru/publikacii/2023/2023stati/12.html	Serdyukov V., Vladyko I., Starinskiy S., Rodionov A., Shukhov Y., Malakhov I., Safonov A., Surtaev A. Pool boiling performance on the textured hemi-wicking surfaces fabricated by nanosecond laser ablation // Applied Thermal Engineering. – 2023. – Vol. 228. – 120472. DOI ; РИНЦ	UNREVIEWED_NOT_COUNTABLE
2023	234	MEDIUM	INTERFACE_CAPILLARY		https://www.itp.nsc.ru/publikacii/2023/2023stati/12.html	Andryushchenko V.A., Artishevskii K.V., Smovzh D.V. Simulation of wettability of nanotextured surfaces by molecular dynamics // Journal of Applied Mechanics and Technical Physics. - 2023. - Vol. 64, iss. 5. - P. 814-820. DOI ; РИНЦ (Андрющенко В.А., Артишевский К.В., Смовж Д.В. Моделирование смачива	UNREVIEWED_NOT_COUNTABLE
2023	239	MEDIUM	INTERFACE_CAPILLARY		https://www.itp.nsc.ru/publikacii/2023/2023stati/12.html	Starinskiy Sergey, Starinskaya Elena, Miskiv Nikolay, Rodionov Alexey, Ronshin Fedor, Safonov Alexey, Lei Ming-Kai, Terekhov Vladimir Spreading of impacting water droplet on surface with fixed microstructure and different wetting from superhydrophilicity to superhydrophobicity // Water. – 2023. – Vo	UNREVIEWED_NOT_COUNTABLE
2023	240	MEDIUM	BOILING_CRISES		https://www.itp.nsc.ru/publikacii/2023/2023stati/12.html	Smovzh D.V., Sakhapov S.Z., Andryushchenko V.A., Sorokin D.V., Betke I.A., Komlina S.V., Starinskiy S.V., Maximovskiy E.A. Stability of graphene films on copper, silicon, and glass substrates in contact with boiling water // Interfacial Phenomena and Heat Transfer. – 2023. – Vol. 11, iss. 2. – P. 1-	UNREVIEWED_NOT_COUNTABLE
2023	243	MEDIUM	INTERFACE_CAPILLARY		https://www.itp.nsc.ru/publikacii/2023/2023stati/13.html	Sakhnov A.Yu., Pavlenko A.N., Pecherkin N.I., Volodin O.A. Structure of liquid jets and wetting front in the refrigerant mixture falling films at various contact angles // Journal of Engineering Thermophysics. – 2023. – Vol. 32, iss. 4. – Р. 672–691. DOI ; РИНЦ	UNREVIEWED_NOT_COUNTABLE
2023	253	MEDIUM	BOILING_CRISES		https://www.itp.nsc.ru/publikacii/2023/2023stati/13.html	Zhukov Vladimir I., Pavlenko Aleksandr N. Symmetry of structures under two-dimensional instability in a finite-height horizontal layer of boiling liquid // Symmetry. – 2023. – Vol. 15, iss. 9. – 1792. - 21 p. DOI ; РИНЦ	UNREVIEWED_NOT_COUNTABLE
2023	256	MEDIUM	INTERFACE_CAPILLARY		https://www.itp.nsc.ru/publikacii/2023/2023stati/13.html	Misyura S.Y., Morozov V.S., Andryushchenko V.A., Oshchepkov A.G., Kuznetsov A.N. The effect of graphene synthesis duration and copper textures on corrosive behavior and surface wettability // Journal of Materials Science. - 2023. - Vol. 58, iss.34. - 13793-13815. DOI ; РИНЦ	UNREVIEWED_NOT_COUNTABLE
2023	257	MEDIUM	INTERFACE_CAPILLARY		https://www.itp.nsc.ru/publikacii/2023/2023stati/13.html	Misyura S.Y., Andryushchenko V.A., Morozov V.S. The effect of temperature on the contact angle of a water drop on graphene and graphene synthesized on copper // Materials Science and Engineering: B. – 2023. – Vol. 290. - 116341. DOI ; РИНЦ	UNREVIEWED_NOT_COUNTABLE
2023	263	MEDIUM	BOILING_CRISES		https://www.itp.nsc.ru/publikacii/2023/2023stati/14.html	Serdyukov Vladimir, Malakhov Ivan, Surtaev Anton The influence of pressure on local heat transfer rate under the vapor bubbles during pool boiling // Energies. – 2023. – Vol. 16, iss. 9. – 3918. - 14 p. DOI ; РИНЦ	UNREVIEWED_NOT_COUNTABLE
2023	290	HIGH	MICROCHANNEL		https://www.itp.nsc.ru/publikacii/2023/2023stati/15.html	Filimonov S.A., Guzei D.V., Yakimov A.S., Pryazhnikov A.I., Zhigarev V.A., Minakov A.V. Verification and validation of a network algorithm for single-phase flow modeling using microfluidic experiments // Journal of Applied and Computational Mechanics. – 2023. – Vol. 9, iss. 4. – P. 1156–1167.	UNREVIEWED_NOT_COUNTABLE
2023	311	HIGH	MICROCHANNEL		https://www.itp.nsc.ru/publikacii/2023/2023stati/16.html	Мордовской А.С., Шамирзаев А.С., Кузнецов В.В. Сравнение эффективности микроканальных и микроструйных систем для охлаждения теплонапряженного оборудования // Известия высших учебных заведений. Физика. - 2023. - Т. 66, № 11 (792). - С. 109-117. РИНЦ	UNREVIEWED_NOT_COUNTABLE
2023	314	HIGH	MICROCHANNEL		https://www.itp.nsc.ru/publikacii/2023/2023stati/16.html	Шебелева А.А., Минаков А.В., Пряжников М.И., Шебелев А.В., Пряжников А.И. Экспериментальное исследование влияния наночастиц оксида кремния на режимы двухфазного течения в Y-образном микроканале // Известия высших учебных заведений. Физика. - 2023. - Т. 66, № 11 (792). - С. 168-175. РИНЦ	UNREVIEWED_NOT_COUNTABLE
