record_id	year	record_type	doi_or_identity	research_group_and_named_people	research_mechanism	evidence_and_transfer_boundary	canonical_count_rule	first_party_original_url
ICM-OFF-DEPT	CURRENT	OFFICIAL_DEPARTMENT	icm.krasn.ru/section.php?id=14	Bekezhanova;Stepanova	LAB_DIFFMECH	Direct head/department research line; no phone VC claims	NOT_PAPER	https://icm.krasn.ru/section.php?id=14
ICM-OFF-2025	2025	INSTITUTE_BIBLIOGRAPHY	icm.krasn.ru/rprojects_refs.php?kind=-1&year=2025	Institute wide	MULTI_DISCIPLINE_RECORDS	Full-list report contains mathematics/space/environment; cannot use as mobile thermal count without per-work topic/identity filter	NOT_COUNTABLE_RAW	https://icm.krasn.ru/rprojects_refs.php?kind=-1&year=2025
ICM-PH-2021	2021	JOURNAL_RESEARCH	10.17516/1999-494X-0317	Nesterov;Sokolov;Kulagin	SPACE_ELECTRONICS_FLAT_HP	Existing canonical 2021 ICM+SFU+Reshetnev heat pipe system for spacecraft electronics; not phones	ALREADY_CANONICAL_PAPER-RU-ICM-ELECTRONICS-001	https://journal.sfu-kras.ru/article/141361
ICM-PH-2021B	2021	JOURNAL_RESEARCH	10.17516/1999-494X-0352	Nesterov;Sokolov;Kulagin	HP_SYSTEM_THERMAL_OPTIMISATION	ICM author original list; mathematical optimization of heat-pipe systems, affiliation/publisher work-identity still to check before promotion	STAGED_NOT_COUNTABLE	https://icm.krasn.ru/refs.php?epubs=0&persid=206
ICM-THEORY-2021	2021	JOURNAL_RESEARCH	10.1615/InterfacPhenomHeatTransfer.2021036538	Bekezhanova;Goncharova	EVAPORATIVE_SURFACE_TENSION	Official author bibliography: surface-tension effects in evaporative two-layer flows, bilayer liquid-gas not sealed phone VC	STAGED_NOT_COUNTABLE	https://icm.krasn.ru/refs.php?epubs=0&persid=7
ICM-THEORY-2022A	2022	JOURNAL_RESEARCH	10.1016/j.amc.2021.126424	Bekezhanova;Stepanova	BILAYER_BINARY_EVAPORATION	Two-layer binary-mixture exact/symmetry model; 2021 DOI string is not final issue year	STAGED_NOT_COUNTABLE	https://icm.krasn.ru/refs.php?epubs=0&persid=7
ICM-THEORY-2022B	2022	JOURNAL_RESEARCH	10.1016/j.ijheatmasstransfer.2021.122329	Bekezhanova;Goncharova;Ovcharova	LOCAL_BILAYER_HEATING	Numerical evaporative two-layer dynamics with local heat; no demonstrated smartphone sealed capillary system	STAGED_NOT_COUNTABLE	https://icm.krasn.ru/rprojects_refs.php?kind=-1&year=2022
ICM-THEORY-2024	2024	JOURNAL_RESEARCH	10.1016/j.ijheatfluidflow.2024.109385	Bekezhanova;Stepanova	COMPOSITION_BINARY_MIXTURE	Composition/thermal diffusion effects on bilayer evaporative convection; scientific controls not phone data	STAGED_NOT_COUNTABLE	https://icm.krasn.ru/refs.php?epubs=0&persid=7
ICM-THEORY-2024B	2024	JOURNAL_RESEARCH	10.1016/j.ijthermalsci.2024.109179	Bekezhanova;Goncharova;Laskovets	GAS_FLOW_CONTROL_EVAPORATION	Exact solution of gas-flow-rate influence on evaporation regimes; external gas flow rig differs from sealed UTVC	STAGED_NOT_COUNTABLE	https://icm.krasn.ru/rprojects_refs.php?kind=-1&year=2024
ICM-THEORY-2025A	2025	JOURNAL_RESEARCH	10.1016/j.ijmultiphaseflow.2025.105260	Bekezhanova;Goncharova	INTERFACE_HEAT_DEFECT	Publisher-linked official source: interface heat defect and thermocapillary response; model not phone validation	STAGED_NOT_COUNTABLE	https://icm.krasn.ru/refs.php?epubs=0&persid=7
ICM-THEORY-2025B	2025	JOURNAL_RESEARCH	10.1016/j.ijnonlinmec.2025.105121	Stepanova	CHANNEL_GEOMETRY_SURFACE_TENSION	Channel shape with nonlinear surface tension and evaporative convection; no phone-specific method comparison	STAGED_NOT_COUNTABLE	https://icm.krasn.ru/refs.php?epubs=0&lang=rus&persid=235
ICM-CHINA-2025	2025	CHINA_GLOBAL_COMPARATOR	s41467-025-56960-1	China/global authors as original publisher	FLEXIBLE_COMPACT_HEAT_PIPE	Nature Communications fabricated flexible two-phase heat pipe for complex electronics with modeling; distinct rig, strong phone-form-factor engineering pressure	COMPARATOR_NOT_RU_OUTPUT	https://www.nature.com/articles/s41467-025-56960-1
ICM-GLOBAL-2025	2025	GLOBAL_COMPARATOR	10.1016/j.ijheatmasstransfer.2025.127622	Sudhakar;Weibel;Garimella	BOILING_AWARE_VC_TWO_PHASE_MODEL	Physics model of vapor chamber with wick boiling and dryout power limits; more directly connected to device than bilayer exact models	COMPARATOR_NOT_RU_OUTPUT	https://doi.org/10.1016/j.ijheatmasstransfer.2025.127622
