row_id	publication_year_or_gate	work_type	doi_or_stable_id	named_authors	technical_line	verifiable_evidence_and_scope_boundary	source_grade	identity_count_rule	original_url
LHP-2021-001	2021	RESEARCH	10.1016/j.applthermaleng.2021.117533	Maydanik; Vershinin; Chernysheva	COPPER_WATER_HOTSPOT_AREA	Heat source areas 9/16/25 cm2; 10 mm flat evaporator; 20–900 W; high-power electronics not phones	PUBLISHER_PRIMARY	ORIGINAL_WORK	https://doi.org/10.1016/j.applthermaleng.2021.117533
LHP-2022-001	2022	RESEARCH	10.1016/j.ijheatmasstransfer.2021.122491	Maydanik; Vershinin; Chernysheva	EVAPORATOR_GEOMETRY_TRADEOFF	Like-for-like copper-water ELR vs EOR; 800 W vs 600 W maximum under test; evaporators 10 vs 19 mm thick	PUBLISHER_PRIMARY	ORIGINAL_WORK	https://doi.org/10.1016/j.ijheatmasstransfer.2021.122491
LHP-2023-001	2023	METHOD_THEORY	10.1016/j.ijheatmasstransfer.2023.124157	Chernysheva; Maydanik	PRESSURE_TEMPERATURE_MODEL	P-T cycle and LHP heat source/evaporator/condenser/sink system resistance; method, not unique phone model	PUBLISHER_PRIMARY	ORIGINAL_WORK	https://doi.org/10.1016/j.ijheatmasstransfer.2023.124157
LHP-2024-001	2024	RESEARCH	10.31857/S0040364424010088	Maydanik; Vershinin; Chernysheva	LONG_FLEXIBLE_LHP_AND_ORIENTATION	4.56 m ammonia LHP, 12 mm cylindrical evap, 2 mm lines, 100 W, unfavourable elevations up to 2 m	ORIGINAL_RUSSIAN_AND_INSTITUTE	ORIGINAL_WORK_RUSSIAN	https://www.mathnet.ru/eng/tvt/v62/i1/p56
LHP-2024-001-EN	2024	TRANSLATION	10.1134/S0018151X24700044	Maydanik; Vershinin; Chernysheva	LONG_FLEXIBLE_LHP_AND_ORIENTATION	English High Temperature DOI explicitly linked by MathNet as translation of LHP-2024-001	DIRECT_WORK_VERSION_LINK	ALIAS_OF_LHP-2024-001_NOT_NEW	https://doi.org/10.1134/S0018151X24700044
LHP-2024-002	2024	REVIEW	10.1007/s10891-024-03044-4	Maydanik; Chernysheva	LHP_LINEAGE_REVIEW	Review: Loop Heat Pipes Development Research Application; publisher originally has erroneous Chernysheva initials	SECONDARY_PLUS_PUBLISHER_CORRECTION	REVIEW_WORK_AUTHOR_CORRECTION_LINK	https://doi.org/10.1007/s10891-024-03044-4
LHP-2025-002-CORR	2025	CORRIGENDUM	10.1007/s10891-025-03101-6	Maydanik; Chernysheva	AUTHOR_IDENTITY	Fixes 2024 review coauthor M.S. to M.A. Chernysheva; NOT new research work	PUBLISHER_CROSSREF_SECONDARY	CORRECTION_OF_LHP-2024-002_ZERO_NEW	https://doi.org/10.1007/s10891-025-03101-6
LHP-2024-003	2024/2025_UNRESOLVED	RESEARCH	10.1016/j.applthermaleng.2024.125221	Chernysheva; Maydanik	EVAPORATOR_2D_MODEL	Disk evaporator temperature distribution, heat leak to compensation chamber; online Dec2024 issue citation 2025 possible; do not place year count before publisher date reconciliation	PUBLISHER_PRIMARY_ABSTRACT	STAGED_YEAR_GATE	https://www.sciencedirect.com/science/article/abs/pii/S1359431124028898
LHP-2025-001	2025	METHOD_REVIEW	10.56304/S0040363625701152	Chernysheva; Maydanik	SERVICEABILITY_CAPILLARY_PRESSURE_STARTUP	Original Russian Thermal Engineering 2025 conditions; wick pores 1–20 um, tube lines typically 2–8 mm	ORIGINAL_RUSSIAN_JOURNAL	ALREADY_CANONICAL_PAPER-RU-LHP-001	https://sciencejournals.ru/view-article/?a=TepEn2570115Chernysheva&j=tepen&n=12&v=0&y=2025
LHP-2025-001-EN	2025	TRANSLATION	10.1134/S0040601525700661	Chernysheva; Maydanik	SERVICEABILITY_CAPILLARY_PRESSURE_STARTUP	Original publisher English Translation Thermal Engineering 72(12) 1108–1117 same title authors and date; group with canonical RU Source, no new work	PUBLISHER_PRIMARY	ALIAS_OF_LHP-2025-001_NOT_NEW	https://www.pleiades.online/cgi-perl/search.pl?name=thermeng&number=12&page=1108&type=abstract&year=25
LHP-2025-002	2025	RESEARCH	ORIGINAL_JOURNAL_STABLE_ID_2025_17_8_347_352	Panasenko; Maydanik; Vershinin	COPPER_WICK_AMMONIA_PROTOTYPE	12-mm dia x 90-mm cylindrical evaporator; copper wick pore breakthrough radius 3.4 um; 10–350 W horizontal tests; 0.2 C/W nominal; long-term chemical compatibility not proven	ORIGINAL_MAI_JOURNAL	ORIGINAL_WORK	https://tptmai.ru/eng/publications.php?ID=186014&mobile=Y
LHP-2025-003	2025	RESEARCH	10.7868/S3034610X25060094	Maydanik; Vershinin; Chernysheva	LONG_LINE_CRYOGENIC_COOLANT	Ground test: 24-mm cyl evaporator; 2.8 m vapor/liquid line; cryogenic-fluid study, non-phone	RUSSIAN_PUBLISHER_RECORD	ORIGINAL_WORK	https://energy.ihed.ras.ru/arhive/article/12168
LHP-2024-004	2024	RESEARCH	10.1134/S004060152402006X	Maydanik; Pastukhov; Chernysheva	LONG_TRANSPORT	Increased heat-transfer distance; Pastukhov historical author, current official roster not LHP lab	SECONDARY_AND_PUBLISHER_DOI	ORIGINAL_WORK	https://doi.org/10.1134/S004060152402006X
