publication_year	doi	publication_author_line	lab_output_context	research_lane	evidence_kind	primary_locator	measurement_policy
2021	10.1088/1742-6596/2039/1/012033	Shvetsov;Pavlenko;Brester;Zhukov V.I.	ACT-KUT-LAB13	THIN_LAYER_BOILING	LAB_OFFICIAL_BIBLIOGRAPHY	https://www.itp.nsc.ru/structura/nauchnye_porazdeleniya/rezultaty_lab_1.3.html	STAGED_ONLY
2022	10.1134/S0040601522110076	Pavlenko;Zhukov V.I.;Shvetsov	ACT-KUT-LAB13	BOILING_CRISIS_REVIEW	LAB_OFFICIAL_BIBLIOGRAPHY	https://www.itp.nsc.ru/structura/nauchnye_porazdeleniya/rezultaty_lab_1.3.html	STAGED_ONLY_REVIEW
2023	10.31857/S0040364423020163	Shvetsov;Pavlenko;Brester;Zhukov V.I.	ACT-KUT-LAB13	BOILING_INVERSION_SLS	PUBLISHER_AFFILIATION_AND_LAB_LIST	https://journals.rcsi.science/0040-3644/article/view/232658	STAGED_ONLY
2024	10.1016/j.ijheatmasstransfer.2024.125937	Zhukov V.I.;Shvetsov;Pavlenko	ACT-KUT-LAB13	THIN_FILM_COATING_GEOMETRY	PUBLISHER_AND_LAB_LIST	https://www.sciencedirect.com/science/article/pii/S0017931024007671	STAGED_ONLY
2024	10.1016/j.icheatmasstransfer.2024.108145	Vladyko;Miskiv;Pavlenko K.;Chernyavskiy;Surtaev	ACT-KUT-LAB13	SPRAY_COOLING_CRISES	PUBLISHER_AND_LAB_LIST_MULTI_AFFILIATION	https://www.sciencedirect.com/science/article/pii/S0735193324009072	STAGED_ONLY
2025	10.1016/j.applthermaleng.2024.125344	Shvetsov;Zhukov V.I.;Pavlenko	ACT-KUT-LAB13	DIELECTRIC_HFE_LAYER_COATINGS	PUBLISHER_AND_LAB_LIST	https://www.sciencedirect.com/science/article/pii/S1359431124030126	STAGED_ONLY
2025	10.1134/S004060152470068X	Brester;Shvetsov;Zhukov V.I.;Pavlenko	ACT-KUT-LAB13	DIELECTRIC_LAYER_PRESSURE	PUBLISHER_HISTORICAL_AFFILIATION	https://link.springer.com/article/10.1134/S004060152470068X	STAGED_ONLY
2025	10.1134/S004060152570017X	Surtaev;Perminov;Malakhov;Polovnikov;Chernyavskiy	ACT-KUT-LAB13	DRY_SPOT_CNN_MEASUREMENT	INSTITUTE_CATALOG_AND_SECONDARY_DOI	https://www.itp.nsc.ru/publikacii/2025/2025stati/8.html	STAGED_ONLY_DOI_PUBLISHER_PENDING
2025	10.1016/j.applthermaleng.2025.127088	Volodin;Shvetsov;Serdyukov;Zhukov V.I.;Pavlenko	ACT-KUT-LAB13	ELECTRONICS_IMMERSION_REVIEW	PUBLISHER_AND_LAB_LIST	https://www.sciencedirect.com/science/article/pii/S1359431125016801	STAGED_ONLY_REVIEW_CORRIGENDUM_LINK
2026	10.1016/j.ijheatmasstransfer.2025.127855	Surtaev;Malakhov;Perminov;Polovnikov;Pavlenko	ACT-KUT-LAB13	IR_LED_CNN_REVERSIBLE_IRREVERSIBLE_DRY_SPOTS	PUBLISHER_AND_RSF_GRANT	https://www.sciencedirect.com/science/article/pii/S0017931025011901	YTD_SEPARATE_STAGED_ONLY
2023	10.1134/S1810232823020017	Zhukov V.E.;Mezentseva;Pavlenko	ACT-KUT-LAB13	CRYOGENIC_COATING_BOILING	LAB_OFFICIAL_BIBLIOGRAPHY	https://www.itp.nsc.ru/structura/nauchnye_porazdeleniya/2023_lab1.3.html	STAGED_DISTINCT_AUTHOR_INITIALS
