key	publication_year	doi_or_stable_id	country_context	scholars_or_team	mechanism	reported_capability_or_limit	evidence_role	original_locator
RU-2026	2026	10.1016/j.ijheatmasstransfer.2025.127855	RUSSIA	SURTAEV_LAB13	THERMAL_OPTICAL_DRYSPOT_GROUND_TRUTH	Observed bimodal dry-spot area near CHF; measured irreversible growth; final HFE/Novec CHF ratio 1.56	DEMONSTRATED_RIG_ONLY	https://www.sciencedirect.com/science/article/pii/S0017931025011901
RU-2025	2025	10.1134/S004060152570017X	RUSSIA	SURTAEV_LAB13	U_NET_LED_DRYSPOT_SEGMENTATION	U-Net with reflected-light imagery: validation IoU 0.96 in tested images; water-boiling setup, no phone input sensor	DEMONSTRATED_RIG_ONLY	https://sciencejournals.ru/view-article/?a=TepEn2460121Surtaev&j=tepen&n=6&v=0&y=2025
KR-2016	2016	10.1016/j.ijheatmasstransfer.2016.04.009	SOUTH_KOREA	KIM_SONG_KIM	IR_IRREVERSIBLE_DRY_SPOT_THERMAL	Synchronized thermal/phase observation of irreversible dry spot triggering CHF	INDEPENDENT_GLOBAL_PRIOR_ART	https://www.sciencedirect.com/science/article/pii/S0017931015314927
GLOBAL-2019	2019	SCOPUS:85073724074	GLOBAL_MIT_LINKED	ABIR_GALIB_SEONG_BUCCI	U_NET_SEGMENTATION	U-Net segmentation of IR dry spot imagery; conference paper	INDEPENDENT_GLOBAL_PRIOR_ART	https://pure.kaist.ac.kr/en/publications/automatic-detection-of-bubble-dry-spots-in-infrared-boiling-heat-/
US-2023	2023	10.1016/j.expthermflusci.2023.110879	USA	RAVICHANDRAN_KOSSOLAPOV_ETAL	ONLINE_IR_UNET_DRY_AREAS	Quasi-real-time IR U-Net with optical phase-detection ground truth and >=90 percent under tested conditions	INDEPENDENT_GLOBAL_PRIOR_ART	https://www.sciencedirect.com/science/article/pii/S0894177723000353
CN-2024	2024	10.1016/j.expthermflusci.2023.111030	CHINA	LONG_ETAL	WICK_DRYOUT_HISTORY	Capillary-fed repeated dryout, wettability loss, steam rewetting and composite-wick stabilization	CHINA_MECHANISM_COMPARATOR	https://www.sciencedirect.com/science/article/pii/S0894177723001863
GLOBAL-2025A	2025	10.1016/j.ijheatmasstransfer.2025.126837	USA	BARAYA_WEIBEL_GARIMELLA	TRANSIENT_WICK_SATURATION	Spatiotemporal wick saturation model predicts dryout time, rewetting, thermal hysteresis	INDEPENDENT_GLOBAL_MODEL_BASELINE	https://www.sciencedirect.com/science/article/pii/S0017931025001784
GLOBAL-2025B	2025	10.1016/j.ijheatmasstransfer.2025.127222	USA	MELSHEIMER_ETAL	INTERNAL_VAPOR_TEMP_PRESSURE	Internal vapor optical-fiber temperature + pressure state ground truth in water screen-wick heat pipe	INDEPENDENT_GLOBAL_MEASUREMENT_BASELINE	https://www.sciencedirect.com/science/article/pii/S0017931025005617
GLOBAL-2025C	2025	10.1016/j.ijheatmasstransfer.2025.127622	USA	SUDHAKAR_WEIBEL_GARIMELLA	TWO_PHASE_VC_BOILING_MODEL	Boiling-aware two-phase relative permeability vapor chamber model, device far thicker than phone	INDEPENDENT_GLOBAL_MODEL_BASELINE	https://www.sciencedirect.com/science/article/pii/S0017931025009597
CN-2023	2023	10.11949/0438-1157.20230936	CHINA	SJTU_LI_ETAL	ARCHITECTURE_DRYOUT_MITIGATION	Short flow passage microchannels suppress downstream dryout; not same mechanism observer	CHINA_ENGINEERING_COMPARATOR	https://doi.org/10.11949/0438-1157.20230936
JP-2026	2026	10.1016/j.ijheatmasstransfer.2026.128671	JAPAN	TANAKA_INOUE_ETAL	CONFINED_SINGLE_PORE_VISUALIZATION	50 micron transparent pore direct cyclic dryout/rewet; water vs ethanol mode differences; not China comparator	INDEPENDENT_GLOBAL_MECHANISM_BASELINE	https://www.sciencedirect.com/science/article/pii/S0017931026003479
