item_id	gate	public_evidence_state	what_was_checked_and_boundary	original_locator
P1-01	ORIGINAL_PAPER_IDENTITY	CONFIRMED	Journal DOI 10.1016/j.ijheatmasstransfer.2025.127855; IJHMT 255 Part 2, 2026; title and named authors match	https://www.sciencedirect.com/science/article/pii/S0017931025011901
P1-02	WORK_VERSION_CONTROL	VERSION_DIFFERENCE_CONFIRMED	SSRN 26-page preprint lists HTC ratio 1.9, journal final abstract 1.47; CHF approx 1.6 vs 1.56; use final numbers for current public interpretation	https://papers.ssrn.com/sol3/papers.cfm?abstract_id=5290682
P1-03	TEST_FLUIDS_AND_GEOMETRY	PARTIAL_PRIMARY	HFE-7100/Novec649 and transparent sapphire laboratory heated substrate; detailed geometry calibration not independently reviewed from full final text	https://www.sciencedirect.com/science/article/pii/S0017931025011901
P1-04	SYNCHRONIZED_OBSERVABLE_CHANNELS	METHOD_CONFIRMED_RAW_DATA_OPEN	IR thermography/high-speed video and reflected LED imaging stated; machine-synchronized raw time series and registration quality not obtained	https://www.sciencedirect.com/science/article/pii/S0017931025011901
P1-05	MECHANISM_LABELS	QUALITATIVE_CONFIRMED_THRESHOLD_NOT_VERIFIED	Irreversible growing region and bimodal near-CHF area distribution stated; per-run operational labels/recovery threshold annotation protocol not independently verified	https://www.sciencedirect.com/science/article/pii/S0017931025011901
P1-06	QUANTITATIVE_MORPHOLOGY	SUMMARY_CONFIRMED_RUNS_OPEN	Dry spot density/contact-line length/void fraction/size reported in abstract; raw time series and per-run outcome matrices not independently retrieved	https://www.sciencedirect.com/science/article/pii/S0017931025011901
P1-07	REPEATS_AND_SPLITS	NOT_VERIFIED_PUBLIC	No verifiable independent run-level repeat matrix or held-out surface/fluid dataset located in accessible source pages; not proof these records do not exist	https://www.sciencedirect.com/science/article/pii/S0017931025011901
P1-08	UNCERTAINTY_AND_CALIBRATION	NOT_INDEPENDENTLY_VERIFIED	Exact imaging/CHF uncertainty propagation, sensor calibration and time-registration limits not verified from accessible final manuscript	https://www.sciencedirect.com/science/article/pii/S0017931025011901
P1-09	SHAREABLE_DATA_CODE_WEIGHTS	NOT_VERIFIED_PUBLIC	No direct stable publisher-linked reusable raw-run dataset or model-weight/code archive independently verified; a posted PDF is not itself a raw-run dataset	https://papers.ssrn.com/sol3/papers.cfm?abstract_id=5290682
P1-10	STRONG_MODEL_INCREMENT	NOT_MEASURED	No same-input held-out evaluation against internal PT+saturation/history+two-phase VC physics with Russian morphology labels; original paper reports mechanism dynamics not this task	https://www.sciencedirect.com/science/article/pii/S0017931025011901
P1-11	PHONE_CLASS_TRANSFER	NOT_DEMONSTRATED	Transparent HFE/Novec open research rig differs from sealed sub-mm copper-water phone vapor chamber	https://www.sciencedirect.com/science/article/pii/S0017931025011901
