id	period	record_type	verified_work_or_program	named_people	materials_domain	original_evidence_and_limit	research_output_identity_status	original_locator
MISIS-LAB	CURRENT	OFFICIAL_CENTER	MISIS Energy Efficiency Research-Education Center	Kuznetsov;Khovaylo;Karpenkov;Argunov	THREE_DISTINCT_GROUPS	Official center lists leader and THREE separate groups; group!=three labs	NOT_PAPER	https://misis.ru/university/struktura-universiteta/centre/51/
MISIS-PUB-LIST	2021-2026	OFFICIAL_BIBLIOGRAPHY	MISIS Center yearly publications	multiple	MIXED_MATERIALS_MAGNETICS	Year filters exist but mixed generator, magnetic, thermoelectric, foreign coaffiliation and multiple applications; do not publish annual phone-thermal totals	NOT_MEASURED	https://misis.ru/university/struktura-universiteta/centre/51/publications/
MISIS-W1	2023	JOURNAL_ORIGINAL	10.1016/j.jallcom.2023.171154	Dmitriy Karpenkov;Makarin;Alexey Karpenkov;Korotitskiy;Komlev;Zheleznyi	MAGNETOCALORIC_MULTISTIMULUS	La(Fe,Si)13 hydride rods, magnetocaloric and compression experiment, 100-300 micrometre rod modelling; field and high-pressure actuation no phone proof	VERIFIED_PUBLISHER_CANDIDATE_NOT_COUNTED	https://www.sciencedirect.com/science/article/pii/S092583882302457X
MISIS-W2	2024	JOURNAL_ORIGINAL	10.1016/j.vacuum.2024.113530	El-Khouly;D. Karpenkov;V. Khovaylo;Diab;Petkov;Adam	HALF_HEUSLER_THERMOELECTRIC	FeVSb doped alloy synthesis, zT max 0.084 at 575K; bulk material, not ambient chip cooler	VERIFIED_PUBLISHER_CANDIDATE_NOT_COUNTED	https://www.sciencedirect.com/science/article/pii/S0042207X24005761
MISIS-W3	2024	JOURNAL_ORIGINAL	10.1016/j.ceramint.2024.11.???_HOLD	Chernyshova;Voronin;Moskovskikh;Sviridova;Yushchuk;Khovaylo	SKUTTERUDITE_ZNO	Original Elsevier article InCo4Sb12+ZnO; zT ref 1.41 at 700K vs additive 1.28, hardness +18%; DOI not independently recovered, retain PII and no invented DOI	PUBLISHER_PII_ID_ONLY_DOI_HOLD	https://www.sciencedirect.com/science/article/pii/S0272884224049216
MISIS-W4	2024	JOURNAL_ORIGINAL	10.1016/j.commatsci.2024.113192	Efim Argunov;Alexey Kartsev	SPIN_TRANSPORT_MATERIAL_MODEL	CuCrTiS4 spin glass first-principles electronic transport; affiliated thesis lists it, not Peltier microcooler experiment	DOI_ORIGINAL_JOURNAL_BIBLIOGRAPHY_CANDIDATE	https://misis.ru/science/dissertations/2025/3870/
MISIS-W5	2025	JOURNAL_ORIGINAL	10.1016/j.jallcom.2025.183808	D. Karpenkov;Makarin;Tantardini;Kvashnin;A. Karpenkov;Argunov;Sviridova;Shapaeva;Zheleznyi	CRYOGENIC_MAGNETOCALORIC	RCo2 rare-earth regenerator material and microstructure/geometry in hydrogen-helium cryogenic temperature; not ambient/phone	VERIFIED_PUBLISHER_CANDIDATE_NOT_COUNTED	https://www.sciencedirect.com/science/article/pii/S0925838825053691
MISIS-W6	2025	PHD_DISSERTATION	Argunov PbSnS2 CuCrTiS4 semiconductor transport thesis	Efim Argunov;Dmitriy Karpenkov (supervisor)	SPIN_THERMOELECTRIC_GENERATOR	Official dissertation dated 2025, material-level spin transport; not a peer-reviewed journal work nor a cooler device	THESIS_SEPARATE_NOT_JOURNAL	https://misis.ru/science/dissertations/2025/3870/
MISIS-W7	2025	JOURNAL_CANDIDATE	10.1039/d5mr00056d	Khanina;Sviridova;Ivanova;Voronin;Khovaylo	BIOCUseO_MECHANOCHEMICAL	Mechanochemical Ba-doped BiCuSeO oxyselenide phase formation, supplementary data listed; generation material, device cooling unverified	PUBLISHER_CANDIDATE_NOT_COUNTED	https://doi.org/10.1039/d5mr00056d
CN-MICROTEC-2024	2024	CHINA_COMPARATOR	10.1038/s41467-024-48346-6	Yuan Deng et al	MICRO_TEC_DEVICE	Actual Bi2Te3 thick-film micro TEC, max DeltaT 40.6 K, max 56.5 W/cm2 and over 30000 cycles; not validated inside battery-powered phone at these metrics	COMPARATOR_NOT_RUSSIAN_OUTPUT	https://www.nature.com/articles/s41467-024-48346-6
CN-SMARTPHONE-2025	2025	CHINA_COMPARATOR	10.1038/s43246-025-00837-9	Fan;Wu;Hong;Sheng	EXTERNAL_ACTIVE_PUMPED_TEC	Chinese integrated TEC actual phone attached test required 20C cooling water at 1 L/min and external current; NOT production integrated phone	COMPARATOR_NOT_RUSSIAN_OUTPUT	https://www.nature.com/articles/s43246-025-00837-9
GLOBAL-TED-2024	2024	GLOBAL_COMPARATOR	10.1038/s41467-024-48583-9	Liu;Cheng;Malen;Xiong	MICROPROCESSOR_HOTSPOT_PELTIER	Original Si TED frequency-domain thermal-reflectance transient hotspot cooling; model and laboratory sample, no phone integration	COMPARATOR_NOT_RUSSIAN_OUTPUT	https://www.nature.com/articles/s41467-024-48583-9
