id	year	type	original_work_or_source	doi_or_identity	actual_named_scientists	research_line	institute_and_lab_affiliation_at_publication	admission_limit	original_source
SKOL-ROSTER-SMART	2026_CHECK	OFFICIAL_PERSON	Skoltech Sergey Abaimov Current Appointment	URL:skoltech.ru/en/persons/abaimov-sergey	Sergey G. Abaimov	SMART_MATERIALS_AND_SYSTEMS	CURRENT_CPS&E_2022_PLUS_NOT_2022_PAPER_CENTER	DIRECT_APPOINTMENT_NOT_PAPER_OR_PATENT_TOTAL	https://www.skoltech.ru/en/persons/abaimov-sergey
SKOL-ROSTER-AM	2026_CHECK	OFFICIAL_LAB	Skoltech Additive Manufacturing Laboratory	URL:skoltech.ru/en/laboratories/additive-manufacturing-laboratory	Stanislav A. Evlashin	LASER_AND_3D_ADDITIVE_MANUFACTURING	CURRENT_CENTER_FOR_MATERIALS_TECHNOLOGIES	CURRENT_LAB_NOT_PHONE_DEVICE	https://www.skoltech.ru/en/laboratories/additive-manufacturing-laboratory
SKOL-2021-REVIEW	2021	REVIEW	Review Recent Advances in Thermally Conductive Paper-Like Films	10.1149/2162-8777/abea5b	Owais;Abaimov;Akhatov;others	CARBON_BN_FILM_REVIEW	ORIGINAL_2021_SKOLTECH_CDM_AUTHOR_AFFILIATIONS	REVIEW_NOT_ORIGINAL_PHONE_HARDWARE	https://doi.org/10.1149/2162-8777/abea5b
SKOL-2022-BN	2022	ORIGINAL_MATERIAL_EXPERIMENT	Scalable Fabrication Thermally Conductive Layered Nacre-like 3D BN Based PVA Aerogel Framework Nanocomposites	10.3390/polym14163316	Owais;Shiverskii;Sulimov;Ostrizhiniy;Popov;Mahato;Abaimov	BN_PVA_AEROGEL_THERMAL_COMPOSITE	ORIGINAL_PAPER_CDM_SKOLTECH_PLUS_CHR_SKOLTECH	FABRICATED_MATERIAL_NOT_PHONE_TIM_STACK_OR_CPU_TEST	https://doi.org/10.3390/polym14163316
SKOL-2022-REVIEW	2022	REVIEW	Recent Studies on Thermally Conductive 3D Aerogels Foams Segregated Nanofiller Framework	10.3390/polym14224796	Owais;Shiverskii;Pal;Mahato;Abaimov	NANOFILLER_FOAM_REVIEW	ORIGINAL_2022_SKOLTECH_PETROLEUM_AND_ENERGY_CENTERS	REVIEW_NOT_SECOND_ORIGINAL_EXPERIMENT	https://doi.org/10.3390/polym14224796
SKOL-2023-AM-BN	2023	ORIGINAL_MATERIAL_EXPERIMENT	Thermal and Electrical Properties of Additively Manufactured Polymer Boron Nitride Composite	10.3390/polym15051214	Julia Bondareva;Stanislav Evlashin;Oleg Dubinin;others	ADDITIVELY_PRINTED_BN_PHOTOPOLYMER_RADIATOR	ORIGINAL_SKOLTECH_CENTER_FOR_MATERIALS_TECHNOLOGIES_MULTIORG_COAUTHORS	ALREADY_CANONICAL_PAPER_RU_MAT_001_NO_DUPLICATE_NO_PHONE_TEST	https://doi.org/10.3390/polym15051214
SKOL-2023-PHD	2023	PHD_THESIS	Thermal management materials BN graphene CNT polymer nanocomposites	URL:skoltech.ru/en/applicants/mohammad-owais	Owais;supervisor_Abaimov	SCHOLAR_RESEARCH_PROGRAM	PHD_SKOLTECH_GRADUATED_OCT2023_NO_CURRENT_STAFF	THESIS_NOT_EXTRA_PEER_REVIEWED_PAPER	https://www.skoltech.ru/en/applicants/mohammad-owais
SKOL-2024-RGO	2024	ORIGINAL_MATERIAL_EXPERIMENT	Enhanced thermal conductivity of reduced graphene oxide reinforced polymer films through a novel GO reduction mechanism	10.1002/vnl.22130	Owais;Pal;Waris;Khoteeva;Shiverskii;Yusupov;Abaimov	RGO_PVA_THERMAL_FILM	ORIGINAL_WILEY_2024_SKOLTECH_AFFILIATION_EXPLICIT	FILM_BULK_K_ABOUT_5_1_WMK_AT_10WT_PERCENT_NOT_PHONE_CONTACT_R	https://doi.org/10.1002/vnl.22130
SKOL-2024-ISSUE-2025-VOR	2024_ISSUE_2025_EN_VOR	ORIGINAL_TWO_PHASE_DEVICE	Engineering Loop Thermosyphon with 3D Printed Microstructured Flat Evaporator	10.1134/S0869864324040085	MPEI_Lyulin_Dedov;Skoltech_Afonin_Firsov_Evlashin	JOINT_ADDITIVE_THERMOSYPHON	ORIGINAL_MPEI_AND_SKOLTECH_COAUTHOR_AFFILIATIONS	ONE_WORK_TWO_INSTITUTES_NOT_TWO_RUSSIAN_WORKS_NOT_PHONE_UTVC	https://doi.org/10.1134/S0869864324040085
SKOL-2025-CNT-NONTARGET	2025	ORIGINAL_MATERIAL_ADJACENT	Machine learning defect detection aligned CNT nanocomposite	10.1016/j.compstruct.2024.118651	Abaimov;Akmanov;Lomov;Spasennykh	NANOCOMPOSITE_DEFECT_DETECTION	SKOLTECH_PERSON_OFFICIAL_BIBLIO	NOT_SAME_AS_THERMAL_MANAGEMENT_OR_THROUGH_PLANE_TIM	https://www.skoltech.ru/en/persons/abaimov-sergey
CN-PKU-2024	2024	CHINA_COMPARATOR_EXPERIMENT	Vertically aligned BN and graphite films high thermal conductivity TIM	10.1002/smtd.202301788	Bashir;Bai;PKU team	BN_GRAPHITE_TIM_CPU_MEASUREMENT	CHINA_PE_KING_UNIVERSITY_ORIGINAL_PUBLISHER	THROUGH_PLANE_23_7_WMK_BENCH_CPU_NOT_MATCHED_PHONE_COMPARATOR	https://doi.org/10.1002/smtd.202301788
CN-LZU-2025	2025	CHINA_COMPARATOR_EXPERIMENT	In situ exfoliation BNNS graphene hybrid filler for thermally insulating high conductivity TIM	10.1021/acsami.4c18250	Hu;Wen;Gansu_Lanzhou_team	BN_GRAPHENE_TIM_INTERFACE	CHINA_LANZHOU_UNIV_ORIGINAL_PUBLISHER	ACTUAL_TIM_METHOD_NOT_COMPARABLE_ELECTRONIC_DIMENSIONS	https://doi.org/10.1021/acsami.4c18250
