record_id	year_or_period	record_type	doi_or_id	researchers	mechanism_lane	evidence_status	confirmed_scope_limit_or_identity_gate	source_url	measurement_count_rule
TSU-LAB	CURRENT	OFFICIAL_LAB		Sheremet;Bondareva;Gibanov	ACT-TSU-CHMT-LAB	THREE_PERSON_ROSTER	Direct TSU laboratory staff and head	https://chmt.tsu.ru/	NOT_WORK
TSU-ACTIVE-PROJECT	2024-2026	FUNDED_PROJECT		Gibanov (PI)	ACTIVE_CHANNEL_POROUS	OFFICIAL_PROJECT	RSF active electronics cooling with gas/liquid channel fins porous structures phone listed as possible application only	https://persona.tsu.ru/ScienceWorks/Index/12127	NOT_WORK
TSU-PCM-PROJECT	2022-2027	FUNDED_PROJECT	22-79-10341	Bondareva (PI)	PCM_BUILDING_AND_ELECTRONICS_ADJACENT	OFFICIAL_PROJECT	Mainly building/climate thermal storage, prospective server power equipment cooling; no phone trial; TSU says 8 registered code certificates, NOT patents	https://en-news.tsu.ru/news/algorithms-created-at-the-faculty-of-mechanics-and-mathematics-will-regulate-the-microclimate-in-bui/	NOT_WORK
TSU-PCM-2021	2021	RESEARCH	10.3390/en14051389	Bondareva;Ghalambaz;Sheremet	PCM_FIN_GEOMETRY	PUBLISHER_PRIMARY	Original numerical fin heat sink study with explicit laboratory author affiliations; no phone device	https://doi.org/10.3390/en14051389	STAGED_NO_COUNT
TSU-PCM-2022	2022	RESEARCH	10.1016/j.applthermaleng.2022.118695	Bondareva;Sheremet	PCM_CELLED_COPPER_FIN	PUBLISHER_PRIMARY	Lauric acid melting/solidification numerical model, constant volumetric heater and fin orientation; no device validation	https://doi.org/10.1016/j.applthermaleng.2022.118695	STAGED_NO_COUNT
TSU-ACTIVE-2023	2023	RESEARCH	10.3390/sym15071467	Gibanov;Sheremet	CHANNEL_FIN_MIXED_CONVECTION	PUBLISHER_PRIMARY	3D finite difference channel heater with symmetrical solid two fins; numerical model not phone prototype	https://doi.org/10.3390/sym15071467	STAGED_NO_COUNT
TSU-PCM-2024	2024	RESEARCH	10.1016/j.energy.2024.131123	Bondareva;Sheremet	METAL_FOAM_NANOPCM	TSU_PUBLICATION_AND_INDEXED_PUBLISHER	Finite-difference numerical closed chamber partially metal foam PCM; foam often more consequential than nanoparticles	https://persona.tsu.ru/Publications/Info/1560?publicationId=198281	STAGED_NO_COUNT
TSU-ACTIVE-2025	2025	RESEARCH	10.1016/j.icheatmasstransfer.2024.108552	Gibanov;Hussain;Sheremet	PERIODIC_3D_CHANNEL_FIN	PUBLISHER_PRIMARY	Periodic heat source, 3D horizontal channel, conjugate mixed convection with ribs; issue 2025 vs DOI string 2024	https://www.sciencedirect.com/science/article/abs/pii/S0735193324013149	STAGED_NO_COUNT
TSU-PIPE-2025	2025	REVIEW	10.3390/nano15100757	Astanina;Gibanov;Miroshnichenko;Tarasov;Sheremet	NANOFLUID_HEAT_PIPE_REVIEW	PUBLISHER_PRIMARY	Survey of heat-pipe transport/nanofluids; NOT a novel fabricated smartphone prototype; one review work	https://doi.org/10.3390/nano15100757	STAGED_REVIEW_NO_COUNT
TSU-PCM-2026A	2026-YTD	RESEARCH	10.1016/j.est.2026.123266	Bondareva;Sheremet	POROSITY_GRADIENT_PCM	PUBLISHER_PRIMARY_AND_CATALOG_YEAR_CONFLICT	Publisher says Journal of Energy Storage vol174 vs TSU public catalog vol114; same DOI title work, publisher governs bibliographic volume; numerical not phone validation	https://www.sciencedirect.com/science/article/abs/pii/S2352152X26029300	YTD_NOT_2021_2025
TSU-PCM-2026B	2026-YTD	RESEARCH	10.1016/j.applthermaleng.2026.130005	Bondareva;Sheremet	ANISOTROPIC_FOAM_PCM	PUBLISHER_PRIMARY	Numerical directional metal foam heat-source model; no phone thickness validation	https://www.sciencedirect.com/science/article/abs/pii/S1359431126003133	YTD_NOT_2021_2025
TSU-ACTIVE-2026	2026-YTD	RESEARCH	10.1016/j.icheatmasstransfer.2026.111564	Gibanov;Sheremet	MHD_CHANNEL_FIN	PUBLISHER_PRIMARY_TSUCATALOG_VENUE_ERROR	Publisher lists Int Commun Heat Mass Transfer vol178 while TSU staff index erroneously says Energy vol178; use publisher original	https://www.sciencedirect.com/science/article/abs/pii/S0735193326010857	YTD_NOT_2021_2025
CN-PCM-2024A	2024	CHINA_COMPARATOR	10.1016/j.applthermaleng.2024.123456	Jie Li et al	EXPERIMENTAL_PCM_PINFIN_ACTIVE_PASSIVE	PUBLISHER_PRIMARY	Chinese authors affiliated research, experiments+simulation; reported 90vol% optimum passive, 30vol% active; fin depth 25.5mm is NOT phone; no matched TSU setup	https://www.sciencedirect.com/science/article/abs/pii/S1359431124011244	COMPARATOR_NOT_RU_OUTPUT
CN-PCM-2024B	2024	CHINA_COMPARATOR	10.1016/j.applthermaleng.2023.122081	Wei Li et al	EXPERIMENTAL_HONEYCOMB_PCM	PUBLISHER_PRIMARY	Chinese team experiment and numerical verification of honeycomb alloy/paraffin PCM heatsinks; no direct phone match	https://www.sciencedirect.com/science/article/pii/S1359431123021105	COMPARATOR_NOT_RU_OUTPUT
GLOBAL-PCM-2023	2023	GLOBAL_COMPARATOR	10.1016/j.ijheatmasstransfer.2023.124263	Kim;Yang;Miljkovic;King	GAN_CHIP_PCM_DEVICE_EXPERIMENT	PUBLISHER_PRIMARY	Actual GaN device single/pulse-train cooling, junction swing reduced by 21 percent and max T ~9 percent versus copper in tested regime; no phone-sub-mm proof	https://www.sciencedirect.com/science/article/pii/S0017931023004155	COMPARATOR_NOT_RU_OUTPUT
