selection_id	work_ref	source_locator	scholar_refs	research_lane	selection_reason	evidence_state	deep_read_priority	decision_ref	selection_limit
KUT-01	CANDIDATE	https://doi.org/10.1088/1742-6596/2039/1/012033	NAME:Shvetsov;NAME:Pavlenko	BOILING_REGIMES	Shows early research-line continuity	PENDING_IDENTITY	CONTEXT	DIR-FAILURE-AWARE-UTVC	Conference paper not phone device
KUT-02	CANDIDATE	https://doi.org/10.1134/S0040601522110076	NAME:Pavlenko;NAME:Shvetsov	CRISIS_REVIEW	Connects failure physics concepts	PENDING_IDENTITY	CONTEXT	DIR-FAILURE-AWARE-UTVC	Review not original experiment
KUT-03	CANDIDATE	https://doi.org/10.31857/S0040364423020163	NAME:Shvetsov;NAME:Pavlenko	BOILING_HYSTERESIS	Mechanistic precursor and thermal-history boundary	ORIGINAL_REVIEWED	SUPPORTING	DIR-FAILURE-AWARE-UTVC	No sealed phone UTVC
KUT-04	CANDIDATE	https://doi.org/10.1016/j.ijheatmasstransfer.2024.125937	NAME:Shvetsov;NAME:Pavlenko	COATING_PHYSICS	Geometry versus coating contribution	ORIGINAL_REVIEWED	SUPPORTING	DIR-FAILURE-AWARE-UTVC	Different fluid and substrate
KUT-05	CANDIDATE	https://doi.org/10.1016/j.icheatmasstransfer.2024.108145	NAME:Surtaev	SPRAY_CRISIS	Nozzle and critical heat flux transfer boundary	ORIGINAL_REVIEWED	CONTEXT	DIR-FAILURE-AWARE-UTVC	Spray system not sealed VC
KUT-06	CANDIDATE	https://doi.org/10.1016/j.applthermaleng.2024.125344	NAME:Shvetsov;NAME:Pavlenko	DIELECTRIC_BOILING	Modern thin-liquid-layer coating research	ORIGINAL_REVIEWED	SUPPORTING	DIR-FAILURE-AWARE-UTVC	Journal issue 2025 not inferred from DOI
KUT-07	CANDIDATE	https://doi.org/10.1134/S004060152470068X	NAME:Pavlenko;NAME:Shvetsov	PRESSURE_EFFECTS	Establishes working-pressure boundary	ORIGINAL_REVIEWED	SUPPORTING	DIR-FAILURE-AWARE-UTVC	Not phone copper-water VC
KUT-08	CANDIDATE	https://doi.org/10.1134/S004060152570017X	NAME:Surtaev	DRY_SPOT_LABELS	Decisive dry-spot experimental labeling capability	ORIGINAL_REVIEWED	DECISIVE	DIR-FAILURE-AWARE-UTVC	RU and English version single work
KUT-09	CANDIDATE	https://doi.org/10.1016/j.applthermaleng.2025.127088	NAME:Volodin;NAME:Pavlenko	IMMERSION_REVIEW	Electronics context and comparison synthesis	ORIGINAL_REVIEWED	CONTEXT	DIR-FAILURE-AWARE-UTVC	Corrigendum not second paper
KUT-10	PAPER-RU-DRY-001	https://doi.org/10.1016/j.ijheatmasstransfer.2025.127855	NAME:Surtaev;NAME:Pavlenko	IRREVERSIBLE_DRYOUT	Most relevant mechanism-label evidence	CANONICAL	DECISIVE	DIR-FAILURE-AWARE-UTVC	2026 journal not 2025 preprint and no phone evidence
