sample_id	institution	assigned_team	original_catalog_year	journal_issue_year	first_online_year	original_work_identity	manifestation_doi_or_key	record_type	identity_group	source_verification	scope_class	publication_time_affiliation_gate	output_count_policy	original_url
KUT24-003	ACT-KUTATELADZE	KUT_THINFILM	2024	2024	2024_UNVERIFIED	Thermocapillary rupture of thin liquid layer	10.1063/5.0225712	RESEARCH_ARTICLE	KUT-10.1063-5.0225712	PUBLISHER_DOI_AND_OFFICIAL_2024_ARCHIVE	DIRECT_MECHANISM_TRANSFER_NOT_PHONE	KUT_INSTITUTE_OFFICIAL_ARCHIVE_EXACT_AUTHOR_ATTRIBUTION_PENDING	CANDIDATE_SAMPLE_ONE_WORK_NOT_YEARLY_TOTAL	https://doi.org/10.1063/5.0225712
KUT24-013	ACT-KUTATELADZE	KUT_SHEAR_FILM	2024	2024	2024_UNVERIFIED	Extremely confined 1:800 slit adiabatic two-phase flow patterns	10.1016/j.expthermflusci.2024.111153	RESEARCH_ARTICLE	KUT-10.1016-expthermflusci-111153	ORIGINAL_ELSEVIER_AND_CANONICAL_PAPER-RU-FILM-002	FOUNDATIONAL_CONFINEMENT_NOT_COOLING_POWER	KUT_ARCHIVE_AND_COAUTHOR_ORIGINAL_YEAR	ALREADY_CANONICAL_ONE_RESEARCH_WORK	https://www.sciencedirect.com/science/article/abs/pii/S0894177724000220
KUT24-056	ACT-KUTATELADZE	PAVLENKO_STRUCTURED_COATING	2024	2024	2024_UNVERIFIED	Thin layer evaporation boiling porous coating geometry/conductivity	10.1016/j.ijheatmasstransfer.2024.125937	RESEARCH_ARTICLE	KUT-10.1016-ijhmt-125937	ORIGINAL_ELSEVIER_PLUS_ARCHIVE_2024	DIRECT_THERMAL_MECHANISM_PHONE_UNVERIFIED	INSTITUTE_AND_AUTHOR_BIBLIO_TBC	PUBLISHER_VERIFIED_SAMPLE_NOT_ANNUAL_TOTAL	https://www.sciencedirect.com/science/article/pii/S0017931024007671
KUT25-070	ACT-KUTATELADZE	IMMERSION_COOLING_REVIEW	2025	2025	2025_UNVERIFIED	Enhanced dielectric immersion boiling surface review of electronics cooling	10.1016/j.applthermaleng.2025.127088	REVIEW	KUT-ATE-2025-127088	ORIGINAL_ELSEVIER_AND_OFFICIAL_ARCHIVE	ELECTRONICS_REVIEW_NOT_ORIGINAL_DEVICE	KUT_OFFICIAL_2025_ARCHIVE	ONE_REVIEW_WORK_NOT_NEW_EXPERIMENT	https://www.sciencedirect.com/science/article/pii/S1359431125016801
KUT25-070-CORR	ACT-KUTATELADZE	IMMERSION_COOLING_REVIEW	2025	2025	2025_UNVERIFIED	Publisher corrigendum to 2025 immersion review	10.1016/j.applthermaleng.2025.127221	CORRIGENDUM	KUT-ATE-2025-127088	PUBLISHER_ORIGINAL_LINKED_MAIN	EDITORIAL_CORRECTION	NA	ZERO_ADDITIONAL_RESEARCH_WORK	https://www.sciencedirect.com/science/article/abs/pii/S1359431125018137
KUT25-103	ACT-KUTATELADZE	PAVLENKO_BOILING_COATING	2025	2025	2024_PREPRINT_NOT_FINAL_YEAR	Horizontal dielectric boiling HFE-7100 modulated porous coating	10.1016/j.applthermaleng.2024.125344	RESEARCH_ARTICLE	KUT-ATE-2025-125344	ORIGINAL_ELSEVIER_2025_VOLUME_263	DIRECT_HEAT_TRANSFER_NOT_PHONE	KUT_ARCHIVE_PAVLENKO_TEAM	ONE_2025_WORK_DOI_STRING_2024_NOT_ISSUE_YEAR	https://www.sciencedirect.com/science/article/pii/S1359431124030126
KUT25-145	ACT-KUTATELADZE	SURTAEV_DRYSPOT_DIAGNOSTICS	2025	2025	2025_UNVERIFIED	Automated high-speed visualization dry-spot measurements during boiling	10.1134/S004060152570017X	RESEARCH_ARTICLE	KUT-DRYSPOT-VIS-2025	OFFICIAL_2025_CATALOG_RU_EN_TITLE_LINK_MAIN_DOI_TO_RECHECK	MECHANISM_LABEL_METHOD_NOT_PHONE_INFERENCE	KUT_AND_NSU_JOINT_AFFILIATION_CHECK	ONE_WORK_RU_EN_VERSION_GROUP_NOT_TWO	https://www.itp.nsc.ru/publikacii/2025/2025stati/8.html
KUT25-216	ACT-KUTATELADZE	KOCHKIN_FLOW_BOILING	2025	2025	UNKNOWN	Graphene and porous coatings in flat microchannels under local heat	10.1615/JFlowVisImageProc.2025057735	RESEARCH_CANDIDATE	KUT-FLAT-MICROCHANNEL-2025	OFFICIAL_2025_ARCHIVE_SECONDARY_DOI_NOT_VERIFIED	DIRECT_EXPERIMENT_PHONE_PACKAGE_UNVERIFIED	KUT_FIRST_PARTY_SITE_AUTHORS_PUBLISHER_HOLD	NOT_COUNTABLE_UNTIL_DOI_VERIFIED	https://www.itp.nsc.ru/publikacii/2025/2025stati/11.html
MPEI24-THERMOSYPHON	ACT-MPEI	LYULIN_DEDOV_SKOLTECH_COLLAB	2024	2024	2025-03-12_EN_VERSION_OF_RECORD	Engineering a loop thermosyphon with 3D printed microstructured flat evaporator	10.1134/S0869864324040085	RESEARCH_ARTICLE	MPEI-LOOP-THERMOSYPHON-2024-ISSUE	ORIGINAL_SPRINGER_ISSUE_AND_ONLINE_DATES	ELECTRONICS_ADJACENT_LARGE_ETHANOL_LOOP_NOT_PHONE	MPEI_LYULIN_DEDOV_SKOLTECH_OTHER_AUTHORS_VERIFIED_PUBLISHER	ONE_WORK_ISSUE_2024_ONLINE_EN_2025_NOT_DUPLICATE	https://doi.org/10.1134/S0869864324040085
MPEI25-COATING-RU	ACT-MPEI	IVANOV_KUZMA-KICHTA_ALYAUTDINOVA	2025	2025	2025_UNVERIFIED	Use of Micro and Nanocoating in the Evaporator to Enhance Heat Transfer in a Thermosiphon Russian original	10.56304/S0040363625701103	RESEARCH_ARTICLE_RUSSIAN	MPEI-IVANOV-2025-COATING	ORIGINAL_RUSSIAN_JOURNAL_AND_TEAM_WORK_PRIOR_AUDIT	THERMOSYPHON_COATING_NOT_LONG_CALENDAR_DAMAGE	MPEI_COAUTHORS_VERIFIED_PRIOR_BOUNDED_PRIMARY	ONE_RU_EN_RESEARCH_WORK_NOT_TWO	https://sciencejournals.ru/view-article/?a=TepEn2570110Ivanov&j=tepen&n=12&v=0&y=2025
MPEI25-COATING-EN	ACT-MPEI	IVANOV_KUZMA-KICHTA_ALYAUTDINOVA	2025	2025	2025_UNVERIFIED	Use of Micro and Nanocoating English manifestation	10.1134/S0040601525600683	TRANSLATED_JOURNAL_VERSION	MPEI-IVANOV-2025-COATING	SPRINGER_DOI_MATCH_PRIOR_RESEARCH_REVIEW_PENDING_FINAL_CROSSREF	SAME_2025_RESEARCH	SAME_THREE_MPEI_AUTHORS_PRIOR_BOUNDED_AUDIT	ZERO_EXTRA_WORK_IF_RU_EN_IDENTITY_CONFIRMED	https://doi.org/10.1134/S0040601525600683
MPEI26-AGING-EXCL	ACT-MPEI	IVANOV_LONG_CALENDAR	N_A	2026	2026	Long-term stability of hierarchical evaporator surface 42 months	10.1016/j.pes.2026.100314	RESEARCH_ARTICLE	MPEI-IVANOV-2026-AGING	ORIGINAL_ELSEVIER_PUBLISHER_VERIFIED_IN_PREVIOUS_RESEARCH	IMPORTANT_P2_DATA_BUT_OUTSIDE_2021_2025	SOLO_IVANOV_OTHER_FABRICATION_NOT_COAUTHORSHIP	2026_EXCLUDED_FROM_2024_25_SAMPLE_COUNTS	https://www.sciencedirect.com/science/article/abs/pii/S295042522600109X
