raw_year	archive_ordinal	audit_membership	raw_pipeline_hint	curated_35_membership	priority_screen	identity_guard	first_party_archive_url	citation_excerpt
2025	1	RAW_HINT_ONLY	KEYWORD_CANDIDATE	NO	REVIEW_UNDETERMINED	IN_RAW_KEYWORD_NOT_IN_35	https://www.itp.nsc.ru/publikacii/2025/2025stati.html	Filimonov S., Gavrilov A., Frick P., Sukhanovskii A., Vasiliev A. 2D and 3D numerical simulations of a convective flow with a free-floating immersed body // Heat Transfer Research. - 2025. - Vol. 56, iss. 7. - P. 13-26. DOI ; РИНЦ
2025	3	RAW_HINT_ONLY	KEYWORD_CANDIDATE	NO	REVIEW_UNDETERMINED	IN_RAW_KEYWORD_NOT_IN_35	https://www.itp.nsc.ru/publikacii/2025/2025stati.html	Antonov D.V., Tonini S., Cossali G.E., Sazhin S.S. A new model of bi-component droplet heating and evaporation // Physics of Fluids. – 2025. – Vol. 37, iss. 7. – 073361. DOI ; РИНЦ
2025	5	RAW_HINT_ONLY	KEYWORD_CANDIDATE	NO	REVIEW_UNDETERMINED	IN_RAW_KEYWORD_NOT_IN_35	https://www.itp.nsc.ru/publikacii/2025/2025stati.html	Antonov D.V., Fedorenko R.M., Volkov R.S., Strizhak P.A. Absorption of thermal radiation by a water-based spray curtain // Thermal Science and Engineering Progress. – 2025. – Vol. 62. – 103657. DOI ; РИНЦ
2025	9	RAW_HINT_ONLY	KEYWORD_CANDIDATE	NO	REVIEW_UNDETERMINED	IN_RAW_KEYWORD_NOT_IN_35	https://www.itp.nsc.ru/publikacii/2025/2025stati.html	Pukhovoy M.V., Vinokurov V.A., Vinokurov V.V., Bykovskaya E.F., Zolotarev K.V., Kabov O.A. Analysis of the possibility of cooling the diamond vacuum window of the siberian circular photon source workstation under ultra-high thermal loads // Interfacial Phenomena and Heat Transfer. – 2025. – Vol. 13, iss. 3. – P. 43–59. DOI ; РИНЦ
2025	21	RAW_HINT_ONLY	KEYWORD_CANDIDATE	NO	REVIEW_UNDETERMINED	IN_RAW_KEYWORD_NOT_IN_35	https://www.itp.nsc.ru/publikacii/2025/2025stati/2.html	Kopyev E.P., Sadkin I.S., Shadrin E.Yu., Mukhina M.A., Kuznetsov V.A., Minakov A.V. Combustion of liquid hydrocarbon fuels sprayed into gas generation chamber with superheated steam as low emission technology for energy production // Fuel. – 2025. – Vol. 381, part A. - 133344. - DOI ; РИНЦ
2025	31	RAW_HINT_ONLY	KEYWORD_CANDIDATE	NO	REVIEW_UNDETERMINED	IN_RAW_KEYWORD_NOT_IN_35	https://www.itp.nsc.ru/publikacii/2025/2025stati/2.html	Sukhanovskii A.N., Vasiliev A.Yu., Gavrilov A.A., Evgrafova A.V., Popova E.N. Convective heat transfer in large-scale natural systems // Journal of Engineering Physics and Thermophysics. - 2025. - Vol. 98, iss. 1. - P. 274-284. DOI ; РИНЦ (Сухановский А.Н., Васильев А.Ю., Гаврилов А.А., Евграфова А.В., Попова Е.Н. Конвективный теплоперенос в крупномасштабных природных системах // Инженерно-физический журнал. − 2025. − Т. 98, № 1. − С. 273−284. РИНЦ )
2025	43	RAW_HINT_ONLY	KEYWORD_CANDIDATE	NO	IMPACT_DROPLET_HEAT_EXCHANGE_ADJACENT	METHOD_TRANSFER_HOLD	https://www.itp.nsc.ru/publikacii/2025/2025stati/3.html	Vozhakov I.S., Misyura S.Y., Morozov V.S., Lukyanov A.A. Droplet impact on a heated surface: influence of key factors on heat transfer // Journal of Engineering Thermophysics. – 2025. – Vol. 34, iss. 2. – P. 321–332. DOI ; РИНЦ
2025	46	RAW_HINT_ONLY	KEYWORD_CANDIDATE	NO	P1_BUBBLE_DRY_SPOT_MEASUREMENT	SECONDARY_DOI_PENDING_10.1615/InterfacPhenomHeatTransfer.2024054467	https://www.itp.nsc.ru/publikacii/2025/2025stati/3.html	Mungalov A.S., Derevyannikov I. A., Kochkin K. Yu., Kabov O.A., Marchuk I. V., Luo Z., Sun Ch., Bai B. Dynamics of bubbles and dry spots under the heated downward-facing substrate // Interfacial Phenomena and Heat Transfer. – 2025. – Vol. 13, iss. 1. – P. 25–43. DOI ; РИНЦ
2025	51	RAW_HINT_ONLY	KEYWORD_CANDIDATE	NO	REVIEW_UNDETERMINED	IN_RAW_KEYWORD_NOT_IN_35	https://www.itp.nsc.ru/publikacii/2025/2025stati/3.html	Vorobyev M.A, Lobanov P.D., Chinak A.V., Kashinsky O.N. Effect of flow direction and capillary orientation on the bubble detachment diameter in liquid cross-flow // Experimental and Computational Multiphase Flow. − 2025. − Vol. 7, iss. 3. − P. 323−335. DOI ; РИНЦ
2025	55	RAW_HINT_ONLY	KEYWORD_CANDIDATE	NO	REVIEW_UNDETERMINED	IN_RAW_KEYWORD_NOT_IN_35	https://www.itp.nsc.ru/publikacii/2025/2025stati/3.html	Kashinsky O.N., Timkin L.S., Kurdyumov A.S. Effect of inclination angle on heat transfer in upward bubbly flow in a pipe // Journal of Engineering Thermophysics. – 2025. – Vol. 34, iss. 3. – P. 519–524. DOI ; РИНЦ
2025	58	RAW_HINT_ONLY	KEYWORD_CANDIDATE	NO	REVIEW_UNDETERMINED	IN_RAW_KEYWORD_NOT_IN_35	https://www.itp.nsc.ru/publikacii/2025/2025stati/3.html	Philippov M.V., Chokhar I.A., Terekhov V.V., Fedorchenko A.I., Terekhov V.I. Effect of interference of impinging round jets on the cooling intensity of heat transfer surfaces // Journal of Engineering Thermophysics. – 2025. – Vol. 34, iss. 2. – P. 266–275. DOI ; РИНЦ
2025	83	RAW_HINT_ONLY	KEYWORD_CANDIDATE	NO	REVIEW_UNDETERMINED	IN_RAW_KEYWORD_NOT_IN_35	https://www.itp.nsc.ru/publikacii/2025/2025stati/5.html	Nizovtsev M.I., Letushko V.N., Sterlyagov A.N. Experimental study of the efficiency of a regenerative heat exchanger with an intermediate coolant and drop irrigation // Thermophysics and Aeromechanics. - 2025. - Vol. 32, iss. 1. - P. 129-137. DOI ; РИНЦ (Низовцев М.И., Летушко В.Н., Стерлягов А.Н. Экспериментальное исследование эффективности регенеративного теплообменника с промежуточным теплоносителем и капельным орошением // Теплофизика и аэромеханика. - 2025. - Т. 32, № 1. - С. 143-152. DOI ; РИНЦ )
2025	88	RAW_HINT_ONLY	KEYWORD_CANDIDATE	NO	REVIEW_UNDETERMINED	IN_RAW_KEYWORD_NOT_IN_35	https://www.itp.nsc.ru/publikacii/2025/2025stati/5.html	Boyarshinov B.F. Flow structure and heat and mass transfer near the leading edge of ethanol flame evaporating in the boundary layer behind a rib and behind a backward-facing step // Combustion, Explosion, and Shock Waves. - 2025. - Vol. 61, iss. 5. - P. 656-666. DOI ; РИНЦ (Бояршинов Б.Ф. Структура течения и тепло-массообмен вблизи передней кромки пламени этанола, испаряющегося в пограничном слое за ребром и за уступом // Физика горения и взрыва. – 2025. – Т. 61, № 5. – С. 18–29. DOI ; РИНЦ )
2025	92	RAW_HINT_ONLY	KEYWORD_CANDIDATE	NO	REVIEW_UNDETERMINED	IN_RAW_KEYWORD_NOT_IN_35	https://www.itp.nsc.ru/publikacii/2025/2025stati/5.html	Yarygin V.N., Prikhod'ko V.G., Yarygin I.V. Gas-dynamic aspects of the influence of homogeneous condensation on the flow structure of an underexpanded low-density supersonic jet // Journal of Applied Mechanics and Technical Physics. - 2025. - Vol. 66, iss. 5. - P. 956-960. DOI ; РИНЦ (Ярыгин В.Н., Приходько В.Г., Ярыгин И.В. Газодинамические аспекты влияния гомогенной конденсации на структуру течения сверхзвуковой недорасширенной струи малой плотности // Прикладная механика и техническая физика. – 2025. – № 5 (393). – С. 151–156. DOI ; РИНЦ )
2025	93	RAW_HINT_ONLY	KEYWORD_CANDIDATE	NO	REVIEW_UNDETERMINED	IN_RAW_KEYWORD_NOT_IN_35	https://www.itp.nsc.ru/publikacii/2025/2025stati/5.html	Emelyanov A.A., Plotnikov M.Yu., Timoshenko N.I., Yudin I.B. Gas-jet MPCVD synthesis of diamond coatings at different pressures in the deposition chamber // Interfacial Phenomena Heat Transfer. – 2025. – Vol. 13, iss. 1. – P. 45–53. DOI ; РИНЦ
2025	97	RAW_HINT_ONLY	KEYWORD_CANDIDATE	NO	REVIEW_UNDETERMINED	IN_RAW_KEYWORD_NOT_IN_35	https://www.itp.nsc.ru/publikacii/2025/2025stati/5.html	Kolosovsky D.A., Ponomarev S.A., Zhivodkov Yu.A., Golyashov V.A., Yegiyan S.R., Starinskiy S.V. Heat flux sensor based on thin film YBCO // Optoelectronics, Instrumentation and Data Processing. - 2025. - Vol. 61, iss. 6. - P. 705–713. DOI ; РИНЦ (Колосовский Д.А., Пономарев С.А., Живодков Ю.А., Голяшов В.А., Егиян С.Р., Старинский С.В. Датчик теплового потока на основе тонкой пленки YBCO // Автометрия. – 2025. – Т. 61, № 6. – С. 33–42. DOI ; РИНЦ )
2025	98	RAW_HINT_ONLY	KEYWORD_CANDIDATE	NO	EXISTING_PAPER_RU_NET_001	ISSUE_2025_ONLINE_YEAR_HOLD	https://www.itp.nsc.ru/publikacii/2025/2025stati/5.html	Kabov O.A., Kuznetsov V.V. Heat transfer and fluid dynamics modelling in shear-driven liquid film cooling system of microelectronic equipment // Fluid Dynamics. – 2025. – Vol. 60, iss. 8. – 167. – 17 p. DOI ; РИНЦ
2025	99	RAW_HINT_ONLY	KEYWORD_CANDIDATE	NO	REVIEW_UNDETERMINED	IN_RAW_KEYWORD_NOT_IN_35	https://www.itp.nsc.ru/publikacii/2025/2025stati/5.html	Zhukov V.E., Mezentseva N.N. Heat transfer and hydraulic losses in a channel with spherical intensifiers during circulation of a non-azeotropic alcohol-water mixture // Thermophysics and Aeromechanics. - 2025. - Vol. 32, iss. 3. - P. 689–699. DOI ; РИНЦ (Жуков В.Е., Мезенцева Н.Н. Теплоотдача и гидравлические потери в канале со сферическими интенсификаторами при циркуляции неазеотропной спирто-водяной смеси // Теплофизика и аэромеханика. – 2025. – Т. 32, № 3. – С. 573–584. DOI ; РИНЦ )
2025	100	RAW_HINT_ONLY	KEYWORD_CANDIDATE	NO	REVIEW_UNDETERMINED	IN_RAW_KEYWORD_NOT_IN_35	https://www.itp.nsc.ru/publikacii/2025/2025stati/5.html	Gogonin I.I., Volodin O.A. Heat transfer and hydrodynamics during condensation of stagnant vapor on horizontal finned-tube bundles: a brief review // Journal of Engineering Thermophysics. – 2025 – Vol. 34, iss. 4. – P. 721–738. DOI ; РИНЦ
2025	101	RAW_HINT_ONLY	KEYWORD_CANDIDATE	NO	REVIEW_UNDETERMINED	IN_RAW_KEYWORD_NOT_IN_35	https://www.itp.nsc.ru/publikacii/2025/2025stati/6.html	Zhukov V.E., Mezentseva N.N. Heat transfer and pressure drop in water circulation in heated channel with spiral intensifiers with hydrophobic coating // Journal of Engineering Thermophysics. – 2025. – Vol. 34, iss. 2. – P. 333–345. DOI ; РИНЦ
2025	102	RAW_HINT_ONLY	KEYWORD_CANDIDATE	NO	REVIEW_UNDETERMINED	IN_RAW_KEYWORD_NOT_IN_35	https://www.itp.nsc.ru/publikacii/2025/2025stati/6.html	Terekhov V.I., Dyachenko A.Yu., Smulsky Ya.J. Heat transfer control in a separated flow behind a backward-facing step using tabs of various shapes // Thermophysics and Aeromechanics. - 2025. - Vol. 32, iss. 5. - P. 1119–1128. DOI (Терехов В.И., Дьяченко А.Ю., Смульский Я.И. Управление теплообменом в отрывном течении за обратным уступом с помощью табов различной формы // Теплофизика и аэромеханика. – 2025. – Т. 32, № 5. – С. 927–936. DOI ; РИНЦ )
2025	110	RAW_HINT_ONLY	KEYWORD_CANDIDATE	NO	REVIEW_UNDETERMINED	IN_RAW_KEYWORD_NOT_IN_35	https://www.itp.nsc.ru/publikacii/2025/2025stati/6.html	Gogonin I.I., Volodin O.A. Hydrodynamics and heat and mass transfer during condensation of moving vapor on bundles of smooth horizontal tubes: a brief review // Journal of Engineering Thermophysics. – 2025. – Vol. 34, iss. 2. – Р. 346–366. DOI ; РИНЦ
2025	111	RAW_HINT_ONLY	KEYWORD_CANDIDATE	NO	REVIEW_UNDETERMINED	IN_RAW_KEYWORD_NOT_IN_35	https://www.itp.nsc.ru/publikacii/2025/2025stati/6.html	Lukashov V.V., Lemanov V.V., Tupikin A.V., Fedorenko V.A., Sharov K.A. Hydrodynamics and heat transfer of a laminar jet impinging on a catalytic surface // Thermophysics and Aeromechanics. - 2025. - Vol. 32, iss. 2. - P. 315-320. DOI ; РИНЦ (Лукашов, В.В., Леманов, А.В., Тупикин, А.В., Федоренко, В.А., Шаров, К.А. Гидродинамика и теплообмен при натекании импактной ламинарной струи на каталитическую поверхность // Теплофизика и аэромеханика. – 2025. – Т. 32, № 2. – С. 259–264. DOI ; РИНЦ )
2025	116	RAW_HINT_ONLY	KEYWORD_CANDIDATE	NO	REVIEW_UNDETERMINED	IN_RAW_KEYWORD_NOT_IN_35	https://www.itp.nsc.ru/publikacii/2025/2025stati/6.html	Vinokurov V.V., Vinokurov V.A., Pukhovoy M.V., Kabov O.A. Influence of cooling water flux on the temperature of the vacuum window components of Novosibirsk synchrotron wigler stations // Eurasian Journal of Mathematical and Computer Applications. – 2025. – Vol. 13, iss. 2. – P. 105–111. DOI ; РИНЦ
2025	117	RAW_HINT_ONLY	KEYWORD_CANDIDATE	NO	REVIEW_UNDETERMINED	IN_RAW_KEYWORD_NOT_IN_35	https://www.itp.nsc.ru/publikacii/2025/2025stati/6.html	Kong D., Li X., Bi R., Liu C., Niu X., Isaev S.A., Terekhov V.I., Penyazkov O.G. Influence of mist droplet injection and blowing ratio on mist/steam showerhead film cooling on a first-stage vane of hydrogen gas turbine // Applied Thermal Engineering. – 2025. – Vol. 280, part 3. – 128373. DOI ; РИНЦ
2025	121	RAW_HINT_ONLY	KEYWORD_CANDIDATE	NO	REVIEW_UNDETERMINED	IN_RAW_KEYWORD_NOT_IN_35	https://www.itp.nsc.ru/publikacii/2025/2025stati/7.html	Plotnikov M.Yu., Shkarupa E.V. Influence of the particle collision model on the results of heat flow calculations in a rarefied gas by the Direct Simulation Monte Carlo method // Thermophysics and Aeromechanics. - 2025. - Vol. 32, iss. 2. - P. 405-414. DOI ; РИНЦ (Плотников М.Ю., Шкарупа Е.В. Влияние модели столкновений частиц на результаты расчета прямым статистическим моделированием теплового потока в разреженном газе // Теплофизика и аэромеханика. - 2025. - Т. 32, № 2. - С. 357-366. РИНЦ )
2025	126	RAW_HINT_ONLY	KEYWORD_CANDIDATE	NO	REVIEW_UNDETERMINED	IN_RAW_KEYWORD_NOT_IN_35	https://www.itp.nsc.ru/publikacii/2025/2025stati/7.html	Vitovsky O.V., Makarov M.S., Lebeda K.S., Naumkin V.S. Investigation of heat transfer during the flow of a mixture of gases with a small Prandtl number in a rod assembly with separating grids // Thermophysics and Aeromechanics. - 2025. - Vol. 32, iss. 1. - P. 45-50. DOI ; РИНЦ (Витовский О.В., Макаров М.С., Лебеда К.С., Наумкин В.С. Исследование теплообмена при течении смеси газов с малым числом Прандтля в стержневой сборке с разделительными решетками // Теплофизика и аэромеханика. – 2025. – T. 32, № 1. – С. 49–54. DOI ; РИНЦ )
2025	131	RAW_HINT_ONLY	KEYWORD_CANDIDATE	NO	REVIEW_UNDETERMINED	IN_RAW_KEYWORD_NOT_IN_35	https://www.itp.nsc.ru/publikacii/2025/2025stati/7.html	Evdokimenko I.A., Lobanov P.D., Chinak A.V., Filippskii K.A., Si-Ahmed E.K., Gentric C., Blel W., Legrand J. Investigation of the hydrodynamic structure of a detached two-phase bubble flow and the heat exchange in a rectangular channel with an obstacle // Journal of Engineering Physics and Thermophysics. − 2025. − Vol. 98, iss. 1. − P. 173−182. DOI ; РИНЦ (Евдокименко И.А., Лобанов П.Д., Чинак А.В., Филиппский К.А., Si-Ahmed E.K., Gentric C., Blel W., Legrand J. Исследование гидродинамической структуры двухфазного пузырькового отрывного течения и теплообмена в прямоугольном канале с одиночной преградой // Инженерно-физический журнал. – 2025. – Т. 98, № 1. – С. 174–182. РИНЦ )
2025	133	RAW_HINT_ONLY	KEYWORD_CANDIDATE	NO	REVIEW_UNDETERMINED	IN_RAW_KEYWORD_NOT_IN_35	https://www.itp.nsc.ru/publikacii/2025/2025stati/7.html	Meleshkin A.V., Marasanov N.V., Knyazkov V.A., Klimov B.A. Investigation of the process carbon dioxide hydrate formation in a colloidal solution containing Al 2 O 3 nanoparticles and sodium dodecyl sulfate // Interfacial Phenomena and Heat Transfer. − 2025. − Vol. 13, iss. 4. − P. 41–50. DOI ; РИНЦ
2025	137	RAW_HINT_ONLY	KEYWORD_CANDIDATE	NO	FILM_EVAPORATION_METROLOGY	PUBLISHER_IDENTITY_HOLD	https://www.itp.nsc.ru/publikacii/2025/2025stati/7.html	Peschenyuk Y.A., Ayvazyan G.Ye., Semenov A.A., Lebedev M.S., Gatapova E.Y. Isothermal evaporation of a thin liquid droplet on porous surfaces: measurements of thicknesses by the schlieren method // Journal of Engineering Thermophysics. – 2025. – Vol. 34, iss. 2. – P. 305–311. DOI ; РИНЦ
2025	139	RAW_HINT_ONLY	KEYWORD_CANDIDATE	NO	REVIEW_UNDETERMINED	IN_RAW_KEYWORD_NOT_IN_35	https://www.itp.nsc.ru/publikacii/2025/2025stati/7.html	Morozov A.A., Titarev V.A. Kinetic modeling of pulsed laser evaporation into vacuum: Calculation of the collisional region size for time-of-flight distribution analysis // Physics of Fluids. – 2025. – Vol. 37, iss. 9. – 096149. DOI ; РИНЦ
2025	164	RAW_HINT_ONLY	KEYWORD_CANDIDATE	NO	BOILING_TRANSFER_TO_P1	PUBLISHER_VERIFIED_10.1134/S004060152470068X	https://www.itp.nsc.ru/publikacii/2025/2025stati/9.html	Brester A.E., Shvetsov D.A., Zhukov V.I., Pavlenko A.N. Nucleate boling heat transfer of dielectric liquid HFE-7100 in horizontal layers at various pressures // Thermal Engineering. – 2025. – Vol. 72, iss. 2. – P. 108–116. DOI ; РИНЦ (Брестер А.Е., Швецов Д.А., Жуков В.И., Павленко А.Н. Теплообмен при пузырьковом кипении в горизонтальных слоях диэлектрической жидкости HFE-7100 при различных давлениях // Теплоэнергетика. - 2025. - № 2. - С. 30-40. DOI ; РИНЦ )
2025	170	RAW_HINT_ONLY	KEYWORD_CANDIDATE	NO	REVIEW_UNDETERMINED	IN_RAW_KEYWORD_NOT_IN_35	https://www.itp.nsc.ru/publikacii/2025/2025stati/9.html	Kozyulin N.N., Hrebtov M.Yu. Numerical simulation of film cooling with coolant supply through a nozzle of triangular shape with a step // Thermophysics and aeromechanics. – 2025. – Vol. 32, iss. 2. – P. 339–354. DOI ; РИНЦ (Козюлин Н.Н., Хребтов М.Ю. Численное исследование газовой завесы с подачей охладителя через сопло треугольной формы с уступом // Теплофизика и аэромеханика. – 2025. – Т. 32, № 2 – С. 287–304. РИНЦ )
2025	173	RAW_HINT_ONLY	KEYWORD_CANDIDATE	NO	REVIEW_UNDETERMINED	IN_RAW_KEYWORD_NOT_IN_35	https://www.itp.nsc.ru/publikacii/2025/2025stati/9.html	Slastnaya D.A., Tolstoguzov R, V., Chikishev L.M., Dulin V.M. Numerical simulation of impingement heat transfer for a laminar premixed bunsen flame // Energies. – 2025. – Vol. 18, iss. 2. – 270. DOI ; РИНЦ
2025	174	RAW_HINT_ONLY	KEYWORD_CANDIDATE	NO	REVIEW_UNDETERMINED	IN_RAW_KEYWORD_NOT_IN_35	https://www.itp.nsc.ru/publikacii/2025/2025stati/9.html	Zhapbasbayev U., Bekibayev T., Pakhomov M., Akasheva Z. Numerical simulation of laminar flow and heat transfer of waxy oil with yield stress in a pipe with sudden enlargement // Engineered Science. – 2025. – Vol. 33. – 1356. - 11 p. DOI ; РИНЦ
2025	189	RAW_HINT_ONLY	KEYWORD_CANDIDATE	NO	REVIEW_UNDETERMINED	IN_RAW_KEYWORD_NOT_IN_35	https://www.itp.nsc.ru/publikacii/2025/2025stati/10.html	Bogatko T.V., Terekhov V.V., Terekhov V.I. Separated flow and heat transfer behind a single rib in an annular gap between rotating cylinders // Thermophysics and Aeromechanics. - 2025. - Vol. 32, iss. 6. - P. 1187–1193. DOI (Богатко Т.В., Терехов В.В., Терехов В.И. Отрывное течение и теплообмен за одиночным ребром в кольцевом зазоре между вращающимися цилиндрами // Теплофизика и аэромеханика. – 2025. – Т. 32, № 6. – P. 999–1005. DOI ; РИНЦ )
2025	194	RAW_HINT_ONLY	KEYWORD_CANDIDATE	NO	FILM_STABILITY_FOUNDATIONAL	PUBLISHER_IDENTITY_HOLD	https://www.itp.nsc.ru/publikacii/2025/2025stati/10.html	Aktershev S., Bobylev A., Cherdantsev A. Stability of a liquid film hanging underneath a large horizontal cylinder // International Journal of Non-Linear Mechanics. – 2025. – Vol. 178. – 105189. DOI ; РИНЦ
2025	214	RAW_HINT_ONLY	KEYWORD_CANDIDATE	NO	REVIEW_UNDETERMINED	IN_RAW_KEYWORD_NOT_IN_35	https://www.itp.nsc.ru/publikacii/2025/2025stati/11.html	Misyura S.Y., Egorov R.I., Zaitsev A.S., Morozov V.S. The effect of binary solution concentration and laser heating configuration on non-isothermal heat transfer and evaporation rate // Experimental Thermal and Fluid Science. – 2025. – Vol. 169. – 111529. DOI ; РИНЦ
2025	218	RAW_HINT_ONLY	KEYWORD_CANDIDATE	NO	REVIEW_UNDETERMINED	IN_RAW_KEYWORD_NOT_IN_35	https://www.itp.nsc.ru/publikacii/2025/2025stati/11.html	Boyarshinov B.F. The limits of mass transfer intensity during ethanol evaporation and combustion in the boundary layer (review) // Thermophysics and Aeromechanics. - 2025. - Vol. 32, iss. 3. - P. 543–554. DOI ; РИНЦ (Бояршинов Б.Ф. О пределах интенсивности массообмена при испарении и горении этанола в пограничном слое (обзор) // Теплофизика и аэромеханика. – 2025. – Т. 32, № 3. – С. 419–430. DOI ; РИНЦ )
2025	242	RAW_HINT_ONLY	KEYWORD_CANDIDATE	NO	REVIEW_UNDETERMINED	IN_RAW_KEYWORD_NOT_IN_35	https://www.itp.nsc.ru/publikacii/2025/2025stati/13.html	Леманов В.В., Лукашов В.В., Шаров К.А. Влияние начальных возмущений в импактной струе Хагена—Пуазейля на интенсификацию пристенного теплообмена // Письма в Журнал технической физики. - 2025. - Т. 51, № 4. - С. 19-22. РИНЦ
2025	245	RAW_HINT_ONLY	KEYWORD_CANDIDATE	NO	REVIEW_UNDETERMINED	IN_RAW_KEYWORD_NOT_IN_35	https://www.itp.nsc.ru/publikacii/2025/2025stati/13.html	Шахрай М.С., Антонов Д.В., Стрижак П.А., Сажин С.С. Высокотемпературное испарение капель воды с твердыми нерастворимыми примесями // Письма в Журнал технической физики. - 2025. - Т. 51, № 4. - С. 3-7. РИНЦ
2025	63	CURATED_ONLY	NOT_KEYWORD_MATCHED	YES	REVIEW_UNDETERMINED	IN_CURATED_NOT_RAW_KEYWORD	https://www.itp.nsc.ru/publikacii/2025/2025stati/4.html	Dobrosel'skii K.G. Effect of pressure and temperature on flow near a cylinder with a hydrophobic surface at large reynolds numbers // Journal of Applied Mechanics and Technical Physics. - 2025. - Vol. 66, iss. 6. - P. 1105-1113. DOI ; РИНЦ (Добросельский К.Г. Влияние давления и температуры на течение вблизи цилиндра с гидрофобной поверхностью при больших числах Рейнольдса // Прикладная механика и техническая физика. – 2025. – № 6. – С. 77–87. DOI ; РИНЦ )
2025	108	CURATED_ONLY	NOT_KEYWORD_MATCHED	YES	REVIEW_UNDETERMINED	IN_CURATED_NOT_RAW_KEYWORD	https://www.itp.nsc.ru/publikacii/2025/2025stati/6.html	Verkhodanov D., Khomutov N., Piskunov M., Vozhakov I., Starinskiy S., Safonov A., Smirnov N. High-speed impact of water droplets on microtextured surfaces: Effect of roughness and wettability on corona splashing // Experimental Thermal and Fluid Science. – 2025. - Vol. 171. - 111618. DOI ; РИНЦ
2025	114	CURATED_ONLY	NOT_KEYWORD_MATCHED	YES	REVIEW_UNDETERMINED	IN_CURATED_NOT_RAW_KEYWORD	https://www.itp.nsc.ru/publikacii/2025/2025stati/6.html	Khmel S., Pinaev V., Petrova A., Maximovskiy E., Fedorenko A., Sulyaeva V., Safonov A. Improving the surface wettability of polytetrafluoroethylene using a ferromagnetic enhanced inductively coupled Ar plasma // Vacuum. – 2025. – Vol. 244, part A. - 114865. DOI ; РИНЦ
2025	162	CURATED_ONLY	NOT_KEYWORD_MATCHED	YES	REVIEW_UNDETERMINED	IN_CURATED_NOT_RAW_KEYWORD	https://www.itp.nsc.ru/publikacii/2025/2025stati/9.html	Vasilev M.M., Rodionov A.A., Giannakis T., Kandyla M., Terekhov V.V.,Starinskiy S.V. Nanosecond laser microtexturing of silicon: morphology and wetting properties // Journal of Engineering Thermophysics. – 2025. – Vol. 34, iss. 3. – P. 480–486. DOI ; РИНЦ
2025	166	CURATED_ONLY	NOT_KEYWORD_MATCHED	YES	REVIEW_UNDETERMINED	IN_CURATED_NOT_RAW_KEYWORD	https://www.itp.nsc.ru/publikacii/2025/2025stati/9.html	Vozhakov I.S., Misyura S.Y., Shain A.M., Mullyadzhanov R.I., Piskunov M.V., Strizhak P.A. Numerical contact line behavior prediction for droplet-wall impact by the modified Hoffman-function-based dynamic contact angle model // International Communications in Heat and Mass Transfer. - 2025. - Vol. 160. - 108372. - 12 p. DOI ; РИНЦ
2025	190	CURATED_ONLY	NOT_KEYWORD_MATCHED	YES	REVIEW_UNDETERMINED	IN_CURATED_NOT_RAW_KEYWORD	https://www.itp.nsc.ru/publikacii/2025/2025stati/10.html	Tonini S., Conti P., Cossali G.E., Starinskaya E.M., Miskiv N.B., Rodionov A.A., Starinskiy S.V., Terekhov V.V., Sazhin S.S. Sessile and suspended droplets on a biphilic surface in the presence of natural convection: Experimental studies and modeling // Physics of Fluids. – 2025. – Vol. 37, iss. 3. - 033349. DOI ; РИНЦ
2025	196	CURATED_ONLY	NOT_KEYWORD_MATCHED	YES	REVIEW_UNDETERMINED	IN_CURATED_NOT_RAW_KEYWORD	https://www.itp.nsc.ru/publikacii/2025/2025stati/10.html	Mungalov A.S., Kochkin D.Y., Ronshin F.V., Karchevskiy A.L., Kabov O.A. Stratified to annular flow transition due to drop entrainment in a flat minichannel // Physics of Fluids. – 2025. – Vol. 37, iss. 9. – 094104. DOI ; РИНЦ
2025	215	CURATED_ONLY	NOT_KEYWORD_MATCHED	YES	REVIEW_UNDETERMINED	IN_CURATED_NOT_RAW_KEYWORD	https://www.itp.nsc.ru/publikacii/2025/2025stati/11.html	Petrova A.V., Lyapustin I.N., Sulyaeva V.S., Safonov A.I. The effect of diluting the precursor gas with an inert gas on the structure, composition, and wettability of coating deposited by the HW CVD method // Thermophysics and Aeromechanics. - 2025. - Vol. 32, iss. 4. - P. 891-895. DOI ; РИНЦ (Петрова А.В., Ляпустин И.Н., Суляева В.С., Сафонов А.И. Влияние разбавления газа-предшественника инертным газом на строение, состав и смачиваемость покрытий при осаждении методом HW CVD // Теплофизика и аэромеханика. – 2025. – Т. 32, № 4. – С. 709–714. DOI ; РИНЦ )
2025	230	CURATED_ONLY	NOT_KEYWORD_MATCHED	YES	REVIEW_UNDETERMINED	IN_CURATED_NOT_RAW_KEYWORD	https://www.itp.nsc.ru/publikacii/2025/2025stati/12.html	Terekhov V.I., Chokhar I.A., Lun N.Ya. Turbulent flow structure in a hemicylindrical dimple on the wall of a flat channel // Journal of Applied Mechanics and Technical Physics. - 2025. - Vol. 66, iss. 1. - P. 51-60. DOI ; РИНЦ (Терехов В.И., Чохар И.А., Ян Лун Н. Структура турбулентного течения в полуцилиндрической траншее, расположенной на стенке плоского канала // Прикладная механика и техническая физика. - 2025. - № 1 (389). - С. 60-72. DOI ; РИНЦ )
2025	14	NONKEYWORD_SYSTEMATIC_SAMPLE	NOT_KEYWORD_MATCHED	NO	REVIEW_UNDETERMINED	SYSTEMATIC_12_OF_203_RAW_NOT_KEYWORD	https://www.itp.nsc.ru/publikacii/2025/2025stati.html	Nanlohy H.Y., Sazhin S.S. Bio-graphene activated carbon of sago waste as a potential catalyst for crude coconut oil combustion: An experimental and quantum mechanics based study // Results in Chemistry Fluids. – 2025. – Vol. 15. – 102308. DOI ; РИНЦ
2025	35	NONKEYWORD_SYSTEMATIC_SAMPLE	NOT_KEYWORD_MATCHED	NO	REVIEW_UNDETERMINED	SYSTEMATIC_12_OF_203_RAW_NOT_KEYWORD	https://www.itp.nsc.ru/publikacii/2025/2025stati/2.html	Gevorgiz R., Sharifullin B. , Naumov I. , Zheleznova S. Critical intensity of swirling flows of a suspension and productivity in batch culture of Arthrospira (Spirulina) platensis under different light conditions // Marine Biological Journal. - 2025. - Vol. 10, iss. 1. - P. 21-29 (Геворгиз Р.Г., Шарифуллин Б.Р., Наумов И.В., Железнова С.Н. Критическая интенсивность закрученных потоков суспензии и продуктивность накопительной культуры arthrospira (spirulina) platensis при различных световых условиях // Морской биологический журнал. - 2025. - Т. 10, № 1. - С. 21-29. DOI ; РИНЦ )
2025	60	NONKEYWORD_SYSTEMATIC_SAMPLE	NOT_KEYWORD_MATCHED	NO	REVIEW_UNDETERMINED	SYSTEMATIC_12_OF_203_RAW_NOT_KEYWORD	https://www.itp.nsc.ru/publikacii/2025/2025stati/3.html	Sakhnov A.Yu., Naumkin V.S. Effect of light gas injection on the weakly accelerated xenon flow // Journal of Engineering Thermophysics. - 2025. - Vol. 34, iss. 1. - P. 107-120. DOI ; РИНЦ
2025	84	NONKEYWORD_SYSTEMATIC_SAMPLE	NOT_KEYWORD_MATCHED	NO	REVIEW_UNDETERMINED	SYSTEMATIC_12_OF_203_RAW_NOT_KEYWORD	https://www.itp.nsc.ru/publikacii/2025/2025stati/5.html	Kuznetsov A.V., Shadrin E.Yu., Lomovsky I.O. Experimental study of the processes of ignition, combustion, thermal decomposition of composite fuel from sawdust and anthracite // Thermal Science. – 2025. – Vol. 29, iss. 6, part A. – P. 4371–4379. DOI ; РИНЦ
2025	118	NONKEYWORD_SYSTEMATIC_SAMPLE	NOT_KEYWORD_MATCHED	NO	REVIEW_UNDETERMINED	SYSTEMATIC_12_OF_203_RAW_NOT_KEYWORD	https://www.itp.nsc.ru/publikacii/2025/2025stati/6.html	Sleptsov S.D., Savvinova N.A. Influence of optical properties of two-phase medium on intensity of melting of layer of cloudy ice // Journal of Engineering Thermophysics. - 2025. - Vol. 34, iss. 1. - P. 93-106. DOI ; РИНЦ
2025	143	NONKEYWORD_SYSTEMATIC_SAMPLE	NOT_KEYWORD_MATCHED	NO	REVIEW_UNDETERMINED	SYSTEMATIC_12_OF_203_RAW_NOT_KEYWORD	https://www.itp.nsc.ru/publikacii/2025/2025stati/8.html	Antonov D.V., Sazhin S.S., Strizhak P.A., Nagatkina O.V. Mathematical modelling of targeted delivery of medicines to a respiratory tract // Fluid Dynamics. - 2025. - Vol. 60, iss. 2. - 30. - 12 p. DOI ; РИНЦ (Антонова Д.В., Сажин С.С., Стрижак П.А., Нагаткина О.В. Математическое моделирование адресного распыления лекарственных препаратов в дыхательные пути // Известия Российской Академии наук. Механика жидкости и газа. – 2025. – № 2. – С. 3–14. DOI ; РИНЦ )
2025	161	NONKEYWORD_SYSTEMATIC_SAMPLE	NOT_KEYWORD_MATCHED	NO	REVIEW_UNDETERMINED	SYSTEMATIC_12_OF_203_RAW_NOT_KEYWORD	https://www.itp.nsc.ru/publikacii/2025/2025stati/9.html	Ashikhmin A.E., Piskunov M.V., Strizhak P.A. Multicriteria analysis of the characteristics of biofuel fabricated in a nanomembrane reactor // Journal of Engineering Physics and Thermophysics. - 2025. - Vol. 98, iss. 1. - P. 162-172. DOI ; РИНЦ (Ашихмин А.Е., Пискунов М.В., Стрижак П.А. Мультикритериальный анализ характеристик изготовленного в наномембранном реакторе биотоплива // Инженерно-физический журнал. - 2025. - Т. 98, № 1. - С. 163-173. РИНЦ )
2025	185	NONKEYWORD_SYSTEMATIC_SAMPLE	NOT_KEYWORD_MATCHED	NO	REVIEW_UNDETERMINED	SYSTEMATIC_12_OF_203_RAW_NOT_KEYWORD	https://www.itp.nsc.ru/publikacii/2025/2025stati/10.html	Konstantinov V.O., Shchukin V.G. Purification of metallurgical silicon from metal impurities in electron-beam plasma of water vapor // Plasma Physics Reports. – 2025. – Vol. 51, iss. 7. – P. 860–863. DOI ; РИНЦ (Константинов В.О., Щукин В.Г. Очистка металлургического кремния от металлических примесей в электронно-пучковой плазме паров воды // Успехи прикладной физики. – 2025. – Т. 13, № 3. – С. 251–255. РИНЦ )
2025	204	NONKEYWORD_SYSTEMATIC_SAMPLE	NOT_KEYWORD_MATCHED	NO	REVIEW_UNDETERMINED	SYSTEMATIC_12_OF_203_RAW_NOT_KEYWORD	https://www.itp.nsc.ru/publikacii/2025/2025stati/11.html	Kabardin I.K., Meledin V.G., Dvoynishnikov S.V., Gordienko M.R., Zubanov K.S., Yanchat A.T., Rakhmanov V.V., Kakaulin S.V., Shurshin D.V. , Zuev V.O. , Kraev I.M., Sergeev D. A., Troitskaya Yu.I. Study of flow aerodynamics using the LDA method as part of laboratory modeling of wind-wave interaction // Thermophysics and Aeromechanics. - 2025. - Vol. 32, iss. 5. - P. 1181–1186. DOI (Кабардин И.К., Меледин В.Г., Двойнишников С.В., Гордиенко М.Р., Зубанов К.С., Янчат А.Т., Рахманов В.В., Какаулин С.В., Шуршин Д.В., Зуев В.О., Краев И.М., Сергеев Д.А., Троицкая Ю.И. Исследование аэродинамики потока методом ЛДА в рамках лабороторного моделирования ветроволнового взаимодействия. – 2025. – Т. 32, № 5. – С. 993–998. DOI ; РИНЦ )
2025	224	NONKEYWORD_SYSTEMATIC_SAMPLE	NOT_KEYWORD_MATCHED	NO	REVIEW_UNDETERMINED	SYSTEMATIC_12_OF_203_RAW_NOT_KEYWORD	https://www.itp.nsc.ru/publikacii/2025/2025stati/12.html	Isaenko L.I., Xu B., Korzhneva K.E., Gong P., Samoshkin D.A., Kurus A.F., Lin Z. Thermal conductivity and balanced performance in infrared nonlinear optical multicomponent chalcogenides Li x Ag 1-x Ga y In 1-y Se 2- // Inorganic Chemistry Frontiers. – 2025. – Vol. 12, iss. 5. – P. 1867–1873. DOI ; РИНЦ
2025	244	NONKEYWORD_SYSTEMATIC_SAMPLE	NOT_KEYWORD_MATCHED	NO	REVIEW_UNDETERMINED	SYSTEMATIC_12_OF_203_RAW_NOT_KEYWORD	https://www.itp.nsc.ru/publikacii/2025/2025stati/13.html	Огуречников Л. А. Выработка электроэнергии и теплоснабжение в области низких температур тепловых источников // Промышленная энергетика. – 2025. – Т. 13, № 2. – С. 28–36. DOI ; РИНЦ
2025	262	NONKEYWORD_SYSTEMATIC_SAMPLE	NOT_KEYWORD_MATCHED	NO	STRATIFIED_TO_ANNULAR_FLOW_CANDIDATE	COMPARE_2025_196_TRANSLATION_OR_RELATED_NOT_YET_DEDUPED	https://www.itp.nsc.ru/publikacii/2025/2025stati/14.html	Мунгалов А.С., Кочкин Д.Ю., Карчевский А.Л., Кабов О.А. Переход от расслоенного течения к кольцевому в плоском миниканале при высоких скоростях жидкости и газа // Доклады Российской академии наук. Физика, технические науки. – 2025. – Т. 524, № 1. – С. 69–75. DOI ; РИНЦ
