year	ordinal	stratum	selection_rule	title_screen_class	research_decision_priority	phone_transfer_guard	paper_identity_guard	output_count_status	first_party_page	citation_excerpt
2025	1	RAW_HINT_ONLY	COMPLETE_41_OF_41	BROAD_ACADEMIC_BACKGROUND	LOW	BROADER_ADJACENT_NO_DIRECT_PHONE_DECISION	TITLE_ONLY_DOI_AFFILIATION_VERSION_NOT_VALIDATED	NOT_COUNTABLE_TITLE_SCREEN_ONLY	https://www.itp.nsc.ru/publikacii/2025/2025stati.html	Filimonov S., Gavrilov A., Frick P., Sukhanovskii A., Vasiliev A. 2D and 3D numerical simulations of a convective flow with a free-floating immersed body // Heat Transfer Research. - 2025. - Vol. 56, iss. 7. - P. 13-26. DOI ; РИНЦ
2025	3	RAW_HINT_ONLY	COMPLETE_41_OF_41	ADJACENT_DIFFERENT_PLATFORM	MEDIUM	BROADER_ADJACENT_NO_DIRECT_PHONE_DECISION	TITLE_ONLY_DOI_AFFILIATION_VERSION_NOT_VALIDATED	NOT_COUNTABLE_TITLE_SCREEN_ONLY	https://www.itp.nsc.ru/publikacii/2025/2025stati.html	Antonov D.V., Tonini S., Cossali G.E., Sazhin S.S. A new model of bi-component droplet heating and evaporation // Physics of Fluids. – 2025. – Vol. 37, iss. 7. – 073361. DOI ; РИНЦ
2025	5	RAW_HINT_ONLY	COMPLETE_41_OF_41	OUT_OF_SCOPE	LOW	EXCLUDE_FROM_MOBILE_TOPIC_2025	TITLE_ONLY_DOI_AFFILIATION_VERSION_NOT_VALIDATED	NOT_COUNTABLE_TITLE_SCREEN_ONLY	https://www.itp.nsc.ru/publikacii/2025/2025stati.html	Antonov D.V., Fedorenko R.M., Volkov R.S., Strizhak P.A. Absorption of thermal radiation by a water-based spray curtain // Thermal Science and Engineering Progress. – 2025. – Vol. 62. – 103657. DOI ; РИНЦ
2025	9	RAW_HINT_ONLY	COMPLETE_41_OF_41	ADJACENT_DIFFERENT_PLATFORM	LOW	BROADER_ADJACENT_NO_DIRECT_PHONE_DECISION	TITLE_ONLY_DOI_AFFILIATION_VERSION_NOT_VALIDATED	NOT_COUNTABLE_TITLE_SCREEN_ONLY	https://www.itp.nsc.ru/publikacii/2025/2025stati.html	Pukhovoy M.V., Vinokurov V.A., Vinokurov V.V., Bykovskaya E.F., Zolotarev K.V., Kabov O.A. Analysis of the possibility of cooling the diamond vacuum window of the siberian circular photon source workstation under ultra-high thermal loads // Interfacial Phenomena and Heat Transfer. – 2025. – Vol. 13, iss. 3. – P. 43–59. DOI ; РИНЦ
2025	21	RAW_HINT_ONLY	COMPLETE_41_OF_41	OUT_OF_SCOPE	LOW	EXCLUDE_FROM_MOBILE_TOPIC_2025	TITLE_ONLY_DOI_AFFILIATION_VERSION_NOT_VALIDATED	NOT_COUNTABLE_TITLE_SCREEN_ONLY	https://www.itp.nsc.ru/publikacii/2025/2025stati/2.html	Kopyev E.P., Sadkin I.S., Shadrin E.Yu., Mukhina M.A., Kuznetsov V.A., Minakov A.V. Combustion of liquid hydrocarbon fuels sprayed into gas generation chamber with superheated steam as low emission technology for energy production // Fuel. – 2025. – Vol. 381, part A. - 133344. - DOI ; РИНЦ
2025	31	RAW_HINT_ONLY	COMPLETE_41_OF_41	BROAD_ACADEMIC_BACKGROUND	LOW	BROADER_ADJACENT_NO_DIRECT_PHONE_DECISION	TITLE_ONLY_DOI_AFFILIATION_VERSION_NOT_VALIDATED	NOT_COUNTABLE_TITLE_SCREEN_ONLY	https://www.itp.nsc.ru/publikacii/2025/2025stati/2.html	Sukhanovskii A.N., Vasiliev A.Yu., Gavrilov A.A., Evgrafova A.V., Popova E.N. Convective heat transfer in large-scale natural systems // Journal of Engineering Physics and Thermophysics. - 2025. - Vol. 98, iss. 1. - P. 274-284. DOI ; РИНЦ (Сухановский А.Н., Васильев А.Ю., Гаврилов А.А., Евграфова А.В., Попова Е.Н. Конвективный теплоперенос в крупномасштабных природных системах // Инженерно-физический журнал. − 2025. − Т. 98, № 1. − С. 273−284. РИНЦ )
2025	43	RAW_HINT_ONLY	COMPLETE_41_OF_41	TRANSFERABLE_HEAT_TRANSFER	MEDIUM	ACADEMIC_MECHANISM_CANDIDATE_NOT_PHONE_PROOF	TITLE_ONLY_DOI_AFFILIATION_VERSION_NOT_VALIDATED	NOT_COUNTABLE_TITLE_SCREEN_ONLY	https://www.itp.nsc.ru/publikacii/2025/2025stati/3.html	Vozhakov I.S., Misyura S.Y., Morozov V.S., Lukyanov A.A. Droplet impact on a heated surface: influence of key factors on heat transfer // Journal of Engineering Thermophysics. – 2025. – Vol. 34, iss. 2. – P. 321–332. DOI ; РИНЦ
2025	46	RAW_HINT_ONLY	COMPLETE_41_OF_41	DIRECT_P1_DIAGNOSTICS	HIGH	ACADEMIC_MECHANISM_CANDIDATE_NOT_PHONE_PROOF	PUBLISHER_DOI_AND_PAPER_TIME_AFFILIATION_PENDING	NOT_COUNTABLE_TITLE_SCREEN_ONLY	https://www.itp.nsc.ru/publikacii/2025/2025stati/3.html	Mungalov A.S., Derevyannikov I. A., Kochkin K. Yu., Kabov O.A., Marchuk I. V., Luo Z., Sun Ch., Bai B. Dynamics of bubbles and dry spots under the heated downward-facing substrate // Interfacial Phenomena and Heat Transfer. – 2025. – Vol. 13, iss. 1. – P. 25–43. DOI ; РИНЦ
2025	51	RAW_HINT_ONLY	COMPLETE_41_OF_41	TRANSFERABLE_HEAT_TRANSFER	MEDIUM	ACADEMIC_MECHANISM_CANDIDATE_NOT_PHONE_PROOF	TITLE_ONLY_DOI_AFFILIATION_VERSION_NOT_VALIDATED	NOT_COUNTABLE_TITLE_SCREEN_ONLY	https://www.itp.nsc.ru/publikacii/2025/2025stati/3.html	Vorobyev M.A, Lobanov P.D., Chinak A.V., Kashinsky O.N. Effect of flow direction and capillary orientation on the bubble detachment diameter in liquid cross-flow // Experimental and Computational Multiphase Flow. − 2025. − Vol. 7, iss. 3. − P. 323−335. DOI ; РИНЦ
2025	55	RAW_HINT_ONLY	COMPLETE_41_OF_41	TRANSFERABLE_HEAT_TRANSFER	LOW	ACADEMIC_MECHANISM_CANDIDATE_NOT_PHONE_PROOF	TITLE_ONLY_DOI_AFFILIATION_VERSION_NOT_VALIDATED	NOT_COUNTABLE_TITLE_SCREEN_ONLY	https://www.itp.nsc.ru/publikacii/2025/2025stati/3.html	Kashinsky O.N., Timkin L.S., Kurdyumov A.S. Effect of inclination angle on heat transfer in upward bubbly flow in a pipe // Journal of Engineering Thermophysics. – 2025. – Vol. 34, iss. 3. – P. 519–524. DOI ; РИНЦ
2025	58	RAW_HINT_ONLY	COMPLETE_41_OF_41	TRANSFERABLE_HEAT_TRANSFER	MEDIUM	ACADEMIC_MECHANISM_CANDIDATE_NOT_PHONE_PROOF	TITLE_ONLY_DOI_AFFILIATION_VERSION_NOT_VALIDATED	NOT_COUNTABLE_TITLE_SCREEN_ONLY	https://www.itp.nsc.ru/publikacii/2025/2025stati/3.html	Philippov M.V., Chokhar I.A., Terekhov V.V., Fedorchenko A.I., Terekhov V.I. Effect of interference of impinging round jets on the cooling intensity of heat transfer surfaces // Journal of Engineering Thermophysics. – 2025. – Vol. 34, iss. 2. – P. 266–275. DOI ; РИНЦ
2025	83	RAW_HINT_ONLY	COMPLETE_41_OF_41	BROAD_ACADEMIC_BACKGROUND	LOW	BROADER_ADJACENT_NO_DIRECT_PHONE_DECISION	TITLE_ONLY_DOI_AFFILIATION_VERSION_NOT_VALIDATED	NOT_COUNTABLE_TITLE_SCREEN_ONLY	https://www.itp.nsc.ru/publikacii/2025/2025stati/5.html	Nizovtsev M.I., Letushko V.N., Sterlyagov A.N. Experimental study of the efficiency of a regenerative heat exchanger with an intermediate coolant and drop irrigation // Thermophysics and Aeromechanics. - 2025. - Vol. 32, iss. 1. - P. 129-137. DOI ; РИНЦ (Низовцев М.И., Летушко В.Н., Стерлягов А.Н. Экспериментальное исследование эффективности регенеративного теплообменника с промежуточным теплоносителем и капельным орошением // Теплофизика и аэромеханика. - 2025. - Т. 32, № 1. - С. 143-152. DOI ; РИНЦ )
2025	88	RAW_HINT_ONLY	COMPLETE_41_OF_41	OUT_OF_SCOPE	LOW	EXCLUDE_FROM_MOBILE_TOPIC_2025	TITLE_ONLY_DOI_AFFILIATION_VERSION_NOT_VALIDATED	NOT_COUNTABLE_TITLE_SCREEN_ONLY	https://www.itp.nsc.ru/publikacii/2025/2025stati/5.html	Boyarshinov B.F. Flow structure and heat and mass transfer near the leading edge of ethanol flame evaporating in the boundary layer behind a rib and behind a backward-facing step // Combustion, Explosion, and Shock Waves. - 2025. - Vol. 61, iss. 5. - P. 656-666. DOI ; РИНЦ (Бояршинов Б.Ф. Структура течения и тепло-массообмен вблизи передней кромки пламени этанола, испаряющегося в пограничном слое за ребром и за уступом // Физика горения и взрыва. – 2025. – Т. 61, № 5. – С. 18–29. DOI ; РИНЦ )
2025	92	RAW_HINT_ONLY	COMPLETE_41_OF_41	BROAD_ACADEMIC_BACKGROUND	LOW	BROADER_ADJACENT_NO_DIRECT_PHONE_DECISION	TITLE_ONLY_DOI_AFFILIATION_VERSION_NOT_VALIDATED	NOT_COUNTABLE_TITLE_SCREEN_ONLY	https://www.itp.nsc.ru/publikacii/2025/2025stati/5.html	Yarygin V.N., Prikhod'ko V.G., Yarygin I.V. Gas-dynamic aspects of the influence of homogeneous condensation on the flow structure of an underexpanded low-density supersonic jet // Journal of Applied Mechanics and Technical Physics. - 2025. - Vol. 66, iss. 5. - P. 956-960. DOI ; РИНЦ (Ярыгин В.Н., Приходько В.Г., Ярыгин И.В. Газодинамические аспекты влияния гомогенной конденсации на структуру течения сверхзвуковой недорасширенной струи малой плотности // Прикладная механика и техническая физика. – 2025. – № 5 (393). – С. 151–156. DOI ; РИНЦ )
2025	93	RAW_HINT_ONLY	COMPLETE_41_OF_41	OUT_OF_SCOPE	LOW	EXCLUDE_FROM_MOBILE_TOPIC_2025	TITLE_ONLY_DOI_AFFILIATION_VERSION_NOT_VALIDATED	NOT_COUNTABLE_TITLE_SCREEN_ONLY	https://www.itp.nsc.ru/publikacii/2025/2025stati/5.html	Emelyanov A.A., Plotnikov M.Yu., Timoshenko N.I., Yudin I.B. Gas-jet MPCVD synthesis of diamond coatings at different pressures in the deposition chamber // Interfacial Phenomena Heat Transfer. – 2025. – Vol. 13, iss. 1. – P. 45–53. DOI ; РИНЦ
2025	97	RAW_HINT_ONLY	COMPLETE_41_OF_41	ENABLING_MODEL_METROLOGY	HIGH	ACADEMIC_MECHANISM_CANDIDATE_NOT_PHONE_PROOF	TITLE_ONLY_DOI_AFFILIATION_VERSION_NOT_VALIDATED	NOT_COUNTABLE_TITLE_SCREEN_ONLY	https://www.itp.nsc.ru/publikacii/2025/2025stati/5.html	Kolosovsky D.A., Ponomarev S.A., Zhivodkov Yu.A., Golyashov V.A., Yegiyan S.R., Starinskiy S.V. Heat flux sensor based on thin film YBCO // Optoelectronics, Instrumentation and Data Processing. - 2025. - Vol. 61, iss. 6. - P. 705–713. DOI ; РИНЦ (Колосовский Д.А., Пономарев С.А., Живодков Ю.А., Голяшов В.А., Егиян С.Р., Старинский С.В. Датчик теплового потока на основе тонкой пленки YBCO // Автометрия. – 2025. – Т. 61, № 6. – С. 33–42. DOI ; РИНЦ )
2025	98	RAW_HINT_ONLY	COMPLETE_41_OF_41	DIRECT_P1_DIAGNOSTICS	HIGH	ACADEMIC_MECHANISM_CANDIDATE_NOT_PHONE_PROOF	EXISTING_CANONICAL_PAPER_RU_NET_001_NO_DUPLICATE	NOT_COUNTABLE_TITLE_SCREEN_ONLY	https://www.itp.nsc.ru/publikacii/2025/2025stati/5.html	Kabov O.A., Kuznetsov V.V. Heat transfer and fluid dynamics modelling in shear-driven liquid film cooling system of microelectronic equipment // Fluid Dynamics. – 2025. – Vol. 60, iss. 8. – 167. – 17 p. DOI ; РИНЦ
2025	99	RAW_HINT_ONLY	COMPLETE_41_OF_41	TRANSFERABLE_HEAT_TRANSFER	MEDIUM	ACADEMIC_MECHANISM_CANDIDATE_NOT_PHONE_PROOF	TITLE_ONLY_DOI_AFFILIATION_VERSION_NOT_VALIDATED	NOT_COUNTABLE_TITLE_SCREEN_ONLY	https://www.itp.nsc.ru/publikacii/2025/2025stati/5.html	Zhukov V.E., Mezentseva N.N. Heat transfer and hydraulic losses in a channel with spherical intensifiers during circulation of a non-azeotropic alcohol-water mixture // Thermophysics and Aeromechanics. - 2025. - Vol. 32, iss. 3. - P. 689–699. DOI ; РИНЦ (Жуков В.Е., Мезенцева Н.Н. Теплоотдача и гидравлические потери в канале со сферическими интенсификаторами при циркуляции неазеотропной спирто-водяной смеси // Теплофизика и аэромеханика. – 2025. – Т. 32, № 3. – С. 573–584. DOI ; РИНЦ )
2025	100	RAW_HINT_ONLY	COMPLETE_41_OF_41	REVIEW_BACKGROUND	LOW	REVIEW_NOT_ORIGINAL_RESULT	TITLE_ONLY_DOI_AFFILIATION_VERSION_NOT_VALIDATED	NOT_COUNTABLE_TITLE_SCREEN_ONLY	https://www.itp.nsc.ru/publikacii/2025/2025stati/5.html	Gogonin I.I., Volodin O.A. Heat transfer and hydrodynamics during condensation of stagnant vapor on horizontal finned-tube bundles: a brief review // Journal of Engineering Thermophysics. – 2025 – Vol. 34, iss. 4. – P. 721–738. DOI ; РИНЦ
2025	101	RAW_HINT_ONLY	COMPLETE_41_OF_41	TRANSFERABLE_HEAT_TRANSFER	MEDIUM	ACADEMIC_MECHANISM_CANDIDATE_NOT_PHONE_PROOF	TITLE_ONLY_DOI_AFFILIATION_VERSION_NOT_VALIDATED	NOT_COUNTABLE_TITLE_SCREEN_ONLY	https://www.itp.nsc.ru/publikacii/2025/2025stati/6.html	Zhukov V.E., Mezentseva N.N. Heat transfer and pressure drop in water circulation in heated channel with spiral intensifiers with hydrophobic coating // Journal of Engineering Thermophysics. – 2025. – Vol. 34, iss. 2. – P. 333–345. DOI ; РИНЦ
2025	102	RAW_HINT_ONLY	COMPLETE_41_OF_41	BROAD_ACADEMIC_BACKGROUND	LOW	BROADER_ADJACENT_NO_DIRECT_PHONE_DECISION	TITLE_ONLY_DOI_AFFILIATION_VERSION_NOT_VALIDATED	NOT_COUNTABLE_TITLE_SCREEN_ONLY	https://www.itp.nsc.ru/publikacii/2025/2025stati/6.html	Terekhov V.I., Dyachenko A.Yu., Smulsky Ya.J. Heat transfer control in a separated flow behind a backward-facing step using tabs of various shapes // Thermophysics and Aeromechanics. - 2025. - Vol. 32, iss. 5. - P. 1119–1128. DOI (Терехов В.И., Дьяченко А.Ю., Смульский Я.И. Управление теплообменом в отрывном течении за обратным уступом с помощью табов различной формы // Теплофизика и аэромеханика. – 2025. – Т. 32, № 5. – С. 927–936. DOI ; РИНЦ )
2025	110	RAW_HINT_ONLY	COMPLETE_41_OF_41	REVIEW_BACKGROUND	LOW	REVIEW_NOT_ORIGINAL_RESULT	TITLE_ONLY_DOI_AFFILIATION_VERSION_NOT_VALIDATED	NOT_COUNTABLE_TITLE_SCREEN_ONLY	https://www.itp.nsc.ru/publikacii/2025/2025stati/6.html	Gogonin I.I., Volodin O.A. Hydrodynamics and heat and mass transfer during condensation of moving vapor on bundles of smooth horizontal tubes: a brief review // Journal of Engineering Thermophysics. – 2025. – Vol. 34, iss. 2. – Р. 346–366. DOI ; РИНЦ
2025	111	RAW_HINT_ONLY	COMPLETE_41_OF_41	BROAD_ACADEMIC_BACKGROUND	LOW	BROADER_ADJACENT_NO_DIRECT_PHONE_DECISION	TITLE_ONLY_DOI_AFFILIATION_VERSION_NOT_VALIDATED	NOT_COUNTABLE_TITLE_SCREEN_ONLY	https://www.itp.nsc.ru/publikacii/2025/2025stati/6.html	Lukashov V.V., Lemanov V.V., Tupikin A.V., Fedorenko V.A., Sharov K.A. Hydrodynamics and heat transfer of a laminar jet impinging on a catalytic surface // Thermophysics and Aeromechanics. - 2025. - Vol. 32, iss. 2. - P. 315-320. DOI ; РИНЦ (Лукашов, В.В., Леманов, А.В., Тупикин, А.В., Федоренко, В.А., Шаров, К.А. Гидродинамика и теплообмен при натекании импактной ламинарной струи на каталитическую поверхность // Теплофизика и аэромеханика. – 2025. – Т. 32, № 2. – С. 259–264. DOI ; РИНЦ )
2025	116	RAW_HINT_ONLY	COMPLETE_41_OF_41	ADJACENT_DIFFERENT_PLATFORM	MEDIUM	BROADER_ADJACENT_NO_DIRECT_PHONE_DECISION	TITLE_ONLY_DOI_AFFILIATION_VERSION_NOT_VALIDATED	NOT_COUNTABLE_TITLE_SCREEN_ONLY	https://www.itp.nsc.ru/publikacii/2025/2025stati/6.html	Vinokurov V.V., Vinokurov V.A., Pukhovoy M.V., Kabov O.A. Influence of cooling water flux on the temperature of the vacuum window components of Novosibirsk synchrotron wigler stations // Eurasian Journal of Mathematical and Computer Applications. – 2025. – Vol. 13, iss. 2. – P. 105–111. DOI ; РИНЦ
2025	117	RAW_HINT_ONLY	COMPLETE_41_OF_41	OUT_OF_SCOPE	LOW	EXCLUDE_FROM_MOBILE_TOPIC_2025	TITLE_ONLY_DOI_AFFILIATION_VERSION_NOT_VALIDATED	NOT_COUNTABLE_TITLE_SCREEN_ONLY	https://www.itp.nsc.ru/publikacii/2025/2025stati/6.html	Kong D., Li X., Bi R., Liu C., Niu X., Isaev S.A., Terekhov V.I., Penyazkov O.G. Influence of mist droplet injection and blowing ratio on mist/steam showerhead film cooling on a first-stage vane of hydrogen gas turbine // Applied Thermal Engineering. – 2025. – Vol. 280, part 3. – 128373. DOI ; РИНЦ
2025	121	RAW_HINT_ONLY	COMPLETE_41_OF_41	BROAD_ACADEMIC_BACKGROUND	LOW	BROADER_ADJACENT_NO_DIRECT_PHONE_DECISION	TITLE_ONLY_DOI_AFFILIATION_VERSION_NOT_VALIDATED	NOT_COUNTABLE_TITLE_SCREEN_ONLY	https://www.itp.nsc.ru/publikacii/2025/2025stati/7.html	Plotnikov M.Yu., Shkarupa E.V. Influence of the particle collision model on the results of heat flow calculations in a rarefied gas by the Direct Simulation Monte Carlo method // Thermophysics and Aeromechanics. - 2025. - Vol. 32, iss. 2. - P. 405-414. DOI ; РИНЦ (Плотников М.Ю., Шкарупа Е.В. Влияние модели столкновений частиц на результаты расчета прямым статистическим моделированием теплового потока в разреженном газе // Теплофизика и аэромеханика. - 2025. - Т. 32, № 2. - С. 357-366. РИНЦ )
2025	126	RAW_HINT_ONLY	COMPLETE_41_OF_41	BROAD_ACADEMIC_BACKGROUND	LOW	BROADER_ADJACENT_NO_DIRECT_PHONE_DECISION	TITLE_ONLY_DOI_AFFILIATION_VERSION_NOT_VALIDATED	NOT_COUNTABLE_TITLE_SCREEN_ONLY	https://www.itp.nsc.ru/publikacii/2025/2025stati/7.html	Vitovsky O.V., Makarov M.S., Lebeda K.S., Naumkin V.S. Investigation of heat transfer during the flow of a mixture of gases with a small Prandtl number in a rod assembly with separating grids // Thermophysics and Aeromechanics. - 2025. - Vol. 32, iss. 1. - P. 45-50. DOI ; РИНЦ (Витовский О.В., Макаров М.С., Лебеда К.С., Наумкин В.С. Исследование теплообмена при течении смеси газов с малым числом Прандтля в стержневой сборке с разделительными решетками // Теплофизика и аэромеханика. – 2025. – T. 32, № 1. – С. 49–54. DOI ; РИНЦ )
2025	131	RAW_HINT_ONLY	COMPLETE_41_OF_41	TRANSFERABLE_HEAT_TRANSFER	MEDIUM	ACADEMIC_MECHANISM_CANDIDATE_NOT_PHONE_PROOF	TITLE_ONLY_DOI_AFFILIATION_VERSION_NOT_VALIDATED	NOT_COUNTABLE_TITLE_SCREEN_ONLY	https://www.itp.nsc.ru/publikacii/2025/2025stati/7.html	Evdokimenko I.A., Lobanov P.D., Chinak A.V., Filippskii K.A., Si-Ahmed E.K., Gentric C., Blel W., Legrand J. Investigation of the hydrodynamic structure of a detached two-phase bubble flow and the heat exchange in a rectangular channel with an obstacle // Journal of Engineering Physics and Thermophysics. − 2025. − Vol. 98, iss. 1. − P. 173−182. DOI ; РИНЦ (Евдокименко И.А., Лобанов П.Д., Чинак А.В., Филиппский К.А., Si-Ahmed E.K., Gentric C., Blel W., Legrand J. Исследование гидродинамической структуры двухфазного пузырькового отрывного течения и теплообмена в прямоугольном канале с одиночной преградой // Инженерно-физический журнал. – 2025. – Т. 98, № 1. – С. 174–182. РИНЦ )
2025	133	RAW_HINT_ONLY	COMPLETE_41_OF_41	OUT_OF_SCOPE	LOW	EXCLUDE_FROM_MOBILE_TOPIC_2025	TITLE_ONLY_DOI_AFFILIATION_VERSION_NOT_VALIDATED	NOT_COUNTABLE_TITLE_SCREEN_ONLY	https://www.itp.nsc.ru/publikacii/2025/2025stati/7.html	Meleshkin A.V., Marasanov N.V., Knyazkov V.A., Klimov B.A. Investigation of the process carbon dioxide hydrate formation in a colloidal solution containing Al 2 O 3 nanoparticles and sodium dodecyl sulfate // Interfacial Phenomena and Heat Transfer. − 2025. − Vol. 13, iss. 4. − P. 41–50. DOI ; РИНЦ
2025	137	RAW_HINT_ONLY	COMPLETE_41_OF_41	ENABLING_MODEL_METROLOGY	HIGH	ACADEMIC_MECHANISM_CANDIDATE_NOT_PHONE_PROOF	TITLE_ONLY_DOI_AFFILIATION_VERSION_NOT_VALIDATED	NOT_COUNTABLE_TITLE_SCREEN_ONLY	https://www.itp.nsc.ru/publikacii/2025/2025stati/7.html	Peschenyuk Y.A., Ayvazyan G.Ye., Semenov A.A., Lebedev M.S., Gatapova E.Y. Isothermal evaporation of a thin liquid droplet on porous surfaces: measurements of thicknesses by the schlieren method // Journal of Engineering Thermophysics. – 2025. – Vol. 34, iss. 2. – P. 305–311. DOI ; РИНЦ
2025	139	RAW_HINT_ONLY	COMPLETE_41_OF_41	OUT_OF_SCOPE	LOW	EXCLUDE_FROM_MOBILE_TOPIC_2025	TITLE_ONLY_DOI_AFFILIATION_VERSION_NOT_VALIDATED	NOT_COUNTABLE_TITLE_SCREEN_ONLY	https://www.itp.nsc.ru/publikacii/2025/2025stati/7.html	Morozov A.A., Titarev V.A. Kinetic modeling of pulsed laser evaporation into vacuum: Calculation of the collisional region size for time-of-flight distribution analysis // Physics of Fluids. – 2025. – Vol. 37, iss. 9. – 096149. DOI ; РИНЦ
2025	164	RAW_HINT_ONLY	COMPLETE_41_OF_41	TRANSFERABLE_HEAT_TRANSFER	HIGH	ACADEMIC_MECHANISM_CANDIDATE_NOT_PHONE_PROOF	PUBLISHER_DOI_VERIFIED_FOREIGN_RU_COAFFILIATION_RECHECK	NOT_COUNTABLE_TITLE_SCREEN_ONLY	https://www.itp.nsc.ru/publikacii/2025/2025stati/9.html	Brester A.E., Shvetsov D.A., Zhukov V.I., Pavlenko A.N. Nucleate boling heat transfer of dielectric liquid HFE-7100 in horizontal layers at various pressures // Thermal Engineering. – 2025. – Vol. 72, iss. 2. – P. 108–116. DOI ; РИНЦ (Брестер А.Е., Швецов Д.А., Жуков В.И., Павленко А.Н. Теплообмен при пузырьковом кипении в горизонтальных слоях диэлектрической жидкости HFE-7100 при различных давлениях // Теплоэнергетика. - 2025. - № 2. - С. 30-40. DOI ; РИНЦ )
2025	170	RAW_HINT_ONLY	COMPLETE_41_OF_41	BROAD_ACADEMIC_BACKGROUND	LOW	BROADER_ADJACENT_NO_DIRECT_PHONE_DECISION	TITLE_ONLY_DOI_AFFILIATION_VERSION_NOT_VALIDATED	NOT_COUNTABLE_TITLE_SCREEN_ONLY	https://www.itp.nsc.ru/publikacii/2025/2025stati/9.html	Kozyulin N.N., Hrebtov M.Yu. Numerical simulation of film cooling with coolant supply through a nozzle of triangular shape with a step // Thermophysics and aeromechanics. – 2025. – Vol. 32, iss. 2. – P. 339–354. DOI ; РИНЦ (Козюлин Н.Н., Хребтов М.Ю. Численное исследование газовой завесы с подачей охладителя через сопло треугольной формы с уступом // Теплофизика и аэромеханика. – 2025. – Т. 32, № 2 – С. 287–304. РИНЦ )
2025	173	RAW_HINT_ONLY	COMPLETE_41_OF_41	OUT_OF_SCOPE	LOW	EXCLUDE_FROM_MOBILE_TOPIC_2025	TITLE_ONLY_DOI_AFFILIATION_VERSION_NOT_VALIDATED	NOT_COUNTABLE_TITLE_SCREEN_ONLY	https://www.itp.nsc.ru/publikacii/2025/2025stati/9.html	Slastnaya D.A., Tolstoguzov R, V., Chikishev L.M., Dulin V.M. Numerical simulation of impingement heat transfer for a laminar premixed bunsen flame // Energies. – 2025. – Vol. 18, iss. 2. – 270. DOI ; РИНЦ
2025	174	RAW_HINT_ONLY	COMPLETE_41_OF_41	OUT_OF_SCOPE	LOW	EXCLUDE_FROM_MOBILE_TOPIC_2025	TITLE_ONLY_DOI_AFFILIATION_VERSION_NOT_VALIDATED	NOT_COUNTABLE_TITLE_SCREEN_ONLY	https://www.itp.nsc.ru/publikacii/2025/2025stati/9.html	Zhapbasbayev U., Bekibayev T., Pakhomov M., Akasheva Z. Numerical simulation of laminar flow and heat transfer of waxy oil with yield stress in a pipe with sudden enlargement // Engineered Science. – 2025. – Vol. 33. – 1356. - 11 p. DOI ; РИНЦ
2025	189	RAW_HINT_ONLY	COMPLETE_41_OF_41	BROAD_ACADEMIC_BACKGROUND	LOW	BROADER_ADJACENT_NO_DIRECT_PHONE_DECISION	TITLE_ONLY_DOI_AFFILIATION_VERSION_NOT_VALIDATED	NOT_COUNTABLE_TITLE_SCREEN_ONLY	https://www.itp.nsc.ru/publikacii/2025/2025stati/10.html	Bogatko T.V., Terekhov V.V., Terekhov V.I. Separated flow and heat transfer behind a single rib in an annular gap between rotating cylinders // Thermophysics and Aeromechanics. - 2025. - Vol. 32, iss. 6. - P. 1187–1193. DOI (Богатко Т.В., Терехов В.В., Терехов В.И. Отрывное течение и теплообмен за одиночным ребром в кольцевом зазоре между вращающимися цилиндрами // Теплофизика и аэромеханика. – 2025. – Т. 32, № 6. – P. 999–1005. DOI ; РИНЦ )
2025	194	RAW_HINT_ONLY	COMPLETE_41_OF_41	ENABLING_MODEL_METROLOGY	HIGH	ACADEMIC_MECHANISM_CANDIDATE_NOT_PHONE_PROOF	TITLE_ONLY_DOI_AFFILIATION_VERSION_NOT_VALIDATED	NOT_COUNTABLE_TITLE_SCREEN_ONLY	https://www.itp.nsc.ru/publikacii/2025/2025stati/10.html	Aktershev S., Bobylev A., Cherdantsev A. Stability of a liquid film hanging underneath a large horizontal cylinder // International Journal of Non-Linear Mechanics. – 2025. – Vol. 178. – 105189. DOI ; РИНЦ
2025	214	RAW_HINT_ONLY	COMPLETE_41_OF_41	TRANSFERABLE_HEAT_TRANSFER	MEDIUM	ACADEMIC_MECHANISM_CANDIDATE_NOT_PHONE_PROOF	TITLE_ONLY_DOI_AFFILIATION_VERSION_NOT_VALIDATED	NOT_COUNTABLE_TITLE_SCREEN_ONLY	https://www.itp.nsc.ru/publikacii/2025/2025stati/11.html	Misyura S.Y., Egorov R.I., Zaitsev A.S., Morozov V.S. The effect of binary solution concentration and laser heating configuration on non-isothermal heat transfer and evaporation rate // Experimental Thermal and Fluid Science. – 2025. – Vol. 169. – 111529. DOI ; РИНЦ
2025	218	RAW_HINT_ONLY	COMPLETE_41_OF_41	BROAD_ACADEMIC_BACKGROUND	LOW	BROADER_ADJACENT_NO_DIRECT_PHONE_DECISION	TITLE_ONLY_DOI_AFFILIATION_VERSION_NOT_VALIDATED	NOT_COUNTABLE_TITLE_SCREEN_ONLY	https://www.itp.nsc.ru/publikacii/2025/2025stati/11.html	Boyarshinov B.F. The limits of mass transfer intensity during ethanol evaporation and combustion in the boundary layer (review) // Thermophysics and Aeromechanics. - 2025. - Vol. 32, iss. 3. - P. 543–554. DOI ; РИНЦ (Бояршинов Б.Ф. О пределах интенсивности массообмена при испарении и горении этанола в пограничном слое (обзор) // Теплофизика и аэромеханика. – 2025. – Т. 32, № 3. – С. 419–430. DOI ; РИНЦ )
2025	242	RAW_HINT_ONLY	COMPLETE_41_OF_41	TRANSFERABLE_HEAT_TRANSFER	LOW	ACADEMIC_MECHANISM_CANDIDATE_NOT_PHONE_PROOF	TITLE_ONLY_DOI_AFFILIATION_VERSION_NOT_VALIDATED	NOT_COUNTABLE_TITLE_SCREEN_ONLY	https://www.itp.nsc.ru/publikacii/2025/2025stati/13.html	Леманов В.В., Лукашов В.В., Шаров К.А. Влияние начальных возмущений в импактной струе Хагена—Пуазейля на интенсификацию пристенного теплообмена // Письма в Журнал технической физики. - 2025. - Т. 51, № 4. - С. 19-22. РИНЦ
2025	245	RAW_HINT_ONLY	COMPLETE_41_OF_41	OUT_OF_SCOPE	LOW	EXCLUDE_FROM_MOBILE_TOPIC_2025	TITLE_ONLY_DOI_AFFILIATION_VERSION_NOT_VALIDATED	NOT_COUNTABLE_TITLE_SCREEN_ONLY	https://www.itp.nsc.ru/publikacii/2025/2025stati/13.html	Шахрай М.С., Антонов Д.В., Стрижак П.А., Сажин С.С. Высокотемпературное испарение капель воды с твердыми нерастворимыми примесями // Письма в Журнал технической физики. - 2025. - Т. 51, № 4. - С. 3-7. РИНЦ
2025	2	NEITHER_QUEUE	LCG_SEED_20261008_24_OF_194	BROAD_ACADEMIC_BACKGROUND	LOW	BROADER_ADJACENT_NO_DIRECT_PHONE_DECISION	TITLE_ONLY_DOI_AFFILIATION_VERSION_NOT_VALIDATED	NOT_COUNTABLE_TITLE_SCREEN_ONLY	https://www.itp.nsc.ru/publikacii/2025/2025stati.html	Lobasov A.S., Minakov A.V., Filimonov S.A. A method for measuring the rheology of a non-newtonian fluid based on the analysis of the recirculation angle of secondary flows in a curved U-shaped channel // Fluids. – 2025. – Vol. 10, iss. 3. – 65. DOI ; РИНЦ
2025	11	NEITHER_QUEUE	LCG_SEED_20261008_24_OF_194	OUT_OF_SCOPE	LOW	EXCLUDE_FROM_MOBILE_TOPIC_2025	TITLE_ONLY_DOI_AFFILIATION_VERSION_NOT_VALIDATED	NOT_COUNTABLE_TITLE_SCREEN_ONLY	https://www.itp.nsc.ru/publikacii/2025/2025stati.html	Arbuzov E.V., Dubnishchev Y.N., Zolotukhina O.S. Application of the Gauss–Newton optimization algorithm in the phase function reconstruction from interferometry data in flame diagnostics // Journal of Optical Technology. - 2025. - Vol. 92, iss. 9. - P. 554-560. DOI (Арбузов Э.В., Дубнищев Ю.Н., Золотухина О.С. Применение алгоритма оптимизации Гаусса–Ньютона при реконструкции фазовой функции по данным интерферометрии в диагностике пламен // Оптический журнал. - 2025. - Т. 92, № 9. - С. 3–13. DOI ; РИНЦ )
2025	34	NEITHER_QUEUE	LCG_SEED_20261008_24_OF_194	ENABLING_SURFACE_WETTING_MODEL	HIGH	ACADEMIC_MECHANISM_CANDIDATE_NOT_PHONE_PROOF	MODEL_METHOD_NOT_THERMAL_APP_VERIFIED	NOT_COUNTABLE_TITLE_SCREEN_ONLY	https://www.itp.nsc.ru/publikacii/2025/2025stati/2.html	Andryushchenko V.A., Artishevskii K.V., Solnyshkina O.A. Creation of an algorithm for estimation of contact angles on textured surfaces applicable for molecular dynamics method // Eurasian Journal of Mathematical and Computer Applications. – 2025. – Vol. 13, iss. 1. – P. 26–36. DOI ; РИНЦ
2025	41	NEITHER_QUEUE	LCG_SEED_20261008_24_OF_194	OUT_OF_SCOPE	LOW	EXCLUDE_FROM_MOBILE_TOPIC_2025	TITLE_ONLY_DOI_AFFILIATION_VERSION_NOT_VALIDATED	NOT_COUNTABLE_TITLE_SCREEN_ONLY	https://www.itp.nsc.ru/publikacii/2025/2025stati/3.html	Sharina I.A., Kopyev E.P., Perepechko L.N. Directions of development of combustion technology of liquid hydrocarbon fuel in burner devices in the presence of superheated water vapor // Thermal Engineering. - 2025. - Vol. 72, iss. 10. - P. 826-833. DOI ; РИНЦ (Шарина И.А., Копьев Е.П., Перепечко Л.Н. Направления развития технологии сжигания жидких углеводородных топлив в горелочных устройствах в присутствии перегретого водяного пара // Теплоэнергетика. – 2025. – № 10. – С. 43–51. DOI ; РИНЦ )
2025	64	NEITHER_QUEUE	LCG_SEED_20261008_24_OF_194	OUT_OF_SCOPE	LOW	EXCLUDE_FROM_MOBILE_TOPIC_2025	TITLE_ONLY_DOI_AFFILIATION_VERSION_NOT_VALIDATED	NOT_COUNTABLE_TITLE_SCREEN_ONLY	https://www.itp.nsc.ru/publikacii/2025/2025stati/4.html	Emelyanov A.A., Plotnikov M.Yu., Timoshenko N.I., Yudin I.B., Ul'yanitskii V.Yu., Batraev I.S. Effect of substrate surface treatment on the erosive wear of polycrystalline diamond coatings produced by gas-jet deposition // Journal of Applied Mechanics and Technical Physics. - 2025. - Vol. 66, iss. 3. - P. 440-445. DOI ; РИНЦ (Емельянов А.А., Плотников М.Ю., Тимошенко Н.И., Юдин И.Б., Ульяницкий В.Ю., Батраев И.С. Влияние обработки поверхности подложки на эрозионный износ поликристаллических алмазных покрытий, осаждаемых газоструйным методом // Прикладная механика и техническая физика. – 2025. – Т. 66, № 3. – С. 56–62. DOI ; РИНЦ )
2025	75	NEITHER_QUEUE	LCG_SEED_20261008_24_OF_194	BROAD_ACADEMIC_BACKGROUND	LOW	BROADER_ADJACENT_NO_DIRECT_PHONE_DECISION	TITLE_ONLY_DOI_AFFILIATION_VERSION_NOT_VALIDATED	NOT_COUNTABLE_TITLE_SCREEN_ONLY	https://www.itp.nsc.ru/publikacii/2025/2025stati/4.html	Mamonov V.N., Miskiv N.B., Nazarov A.D., Serov A.F., Terekhov V.I. Estimating the dimensions of vortex structures in the annular Couette–Taylor flow using the amplitude-frequency spectra of pressure pulsations // Optoelectronics, Instrumentation and Data Processing. - 2025. - Vol. 61, iss. 2. - P. 186-192. DOI ; РИНЦ (Мамонов В.Н., Миськив Н.Б., Назаров А.Д., Серов А.Ф., Терехов В.И. Оценка размеров вихревых структур в кольцевом потоке системы Куэтта-Тейлора с помощью амплитудно-частотных спектров пульсаций давления // Автометрия. - 2025. - Т. 61, № 2. - С. 13-20. DOI ; РИНЦ )
2025	76	NEITHER_QUEUE	LCG_SEED_20261008_24_OF_194	ENABLING_METROLOGY_OTHER_DEVICE	LOW	ACADEMIC_MECHANISM_CANDIDATE_NOT_PHONE_PROOF	TITLE_ONLY_DOI_AFFILIATION_VERSION_NOT_VALIDATED	NOT_COUNTABLE_TITLE_SCREEN_ONLY	https://www.itp.nsc.ru/publikacii/2025/2025stati/4.html	Dvoynishnikov S., Zuev V., Meledin V. Estimation of the error in 3D control of products with complex geometric profiles using the method of multi-view phase triangulation // EPJ Web of Conferences. - 2025. - Vol. 318. – 05014. DOI ; РИНЦ
2025	84	NEITHER_QUEUE	LCG_SEED_20261008_24_OF_194	OUT_OF_SCOPE	LOW	EXCLUDE_FROM_MOBILE_TOPIC_2025	TITLE_ONLY_DOI_AFFILIATION_VERSION_NOT_VALIDATED	NOT_COUNTABLE_TITLE_SCREEN_ONLY	https://www.itp.nsc.ru/publikacii/2025/2025stati/5.html	Kuznetsov A.V., Shadrin E.Yu., Lomovsky I.O. Experimental study of the processes of ignition, combustion, thermal decomposition of composite fuel from sawdust and anthracite // Thermal Science. – 2025. – Vol. 29, iss. 6, part A. – P. 4371–4379. DOI ; РИНЦ
2025	106	NEITHER_QUEUE	LCG_SEED_20261008_24_OF_194	TRANSFERABLE_DIELECTRIC_DROPLET	HIGH	ACADEMIC_MECHANISM_CANDIDATE_NOT_PHONE_PROOF	ORIGINAL_ISSUER_DOI_AND_EXP_CONDITIONS_UNVERIFIED	NOT_COUNTABLE_TITLE_SCREEN_ONLY	https://www.itp.nsc.ru/publikacii/2025/2025stati/6.html	Sitnikov V.O., Gatapova E.Ya. HFE-7100 droplet interaction with a superheated surface // Journal of Engineering Thermophysics. - 2025. - Vol. 34, iss. 1. - P. 74-83. DOI ; РИНЦ
2025	109	NEITHER_QUEUE	LCG_SEED_20261008_24_OF_194	OUT_OF_SCOPE	LOW	EXCLUDE_FROM_MOBILE_TOPIC_2025	TITLE_ONLY_DOI_AFFILIATION_VERSION_NOT_VALIDATED	NOT_COUNTABLE_TITLE_SCREEN_ONLY	https://www.itp.nsc.ru/publikacii/2025/2025stati/6.html	Faizullin M.Z., Tomin A.S., Vinogradov A.V., Koverda V.P. Hydrate formation in gas-saturated layers of amorphous ice with crystalline nuclei // Russian Journal of Physical Chemistry A. - 2025. - Vol. 99, iss. 7. - P. 1594-1599. DOI ; РИНЦ
2025	147	NEITHER_QUEUE	LCG_SEED_20261008_24_OF_194	ENABLING_FLOW_METROLOGY	LOW	ACADEMIC_MECHANISM_CANDIDATE_NOT_PHONE_PROOF	TITLE_ONLY_DOI_AFFILIATION_VERSION_NOT_VALIDATED	NOT_COUNTABLE_TITLE_SCREEN_ONLY	https://www.itp.nsc.ru/publikacii/2025/2025stati/8.html	Rakhmanov V., Kakaulin S., Kashkarova M., Zubanov K. Measurement of hydrodynamic flow velocity by laser Doppler anemometer with different types of photodetectors // EPJ Web of Conferences. – 2025. – Vol. 318. – 02008. - 6 p. DOI ; РИНЦ
2025	152	NEITHER_QUEUE	LCG_SEED_20261008_24_OF_194	OUT_OF_SCOPE	LOW	EXCLUDE_FROM_MOBILE_TOPIC_2025	TITLE_ONLY_DOI_AFFILIATION_VERSION_NOT_VALIDATED	NOT_COUNTABLE_TITLE_SCREEN_ONLY	https://www.itp.nsc.ru/publikacii/2025/2025stati/8.html	Dekterev D.A., Meshkova V.D., Shul'zhenko P.D., Dekterev A.A., Neob'yavlyayushchii P.A. Methodology of visualizing surface vortex structures in problems of architectural and urban aerodynamics // Instruments and Experimental Techniques. - 2025. - Vol. 68, iss. 4. - P. 611-618. DOI ; РИНЦ (Дектерев Д.А., Мешкова В.Д., Шульженко П.Д., Дектерев А.А., Необъявляющий П.А. Методика визуализации приземных вихревых структур в задачах архитектурно-градостроительной аэродинамики // Приборы и техника эксперимента. – 2025. – № 4. – С. 89–97. DOI ; РИНЦ )
2025	154	NEITHER_QUEUE	LCG_SEED_20261008_24_OF_194	BROAD_ACADEMIC_BACKGROUND	LOW	BROADER_ADJACENT_NO_DIRECT_PHONE_DECISION	TITLE_ONLY_DOI_AFFILIATION_VERSION_NOT_VALIDATED	NOT_COUNTABLE_TITLE_SCREEN_ONLY	https://www.itp.nsc.ru/publikacii/2025/2025stati/8.html	Antonov D.V., Fedorenko R.M., Strizhak P.A. Microexplosion of ternary liquid droplets // Powder Technology. – 2025. – Vol. 464. – 121210. DOI ; РИНЦ
2025	156	NEITHER_QUEUE	LCG_SEED_20261008_24_OF_194	OUT_OF_SCOPE	LOW	EXCLUDE_FROM_MOBILE_TOPIC_2025	TITLE_ONLY_DOI_AFFILIATION_VERSION_NOT_VALIDATED	NOT_COUNTABLE_TITLE_SCREEN_ONLY	https://www.itp.nsc.ru/publikacii/2025/2025stati/8.html	Demenkov A.G., Chernykh G.G. Mixing in the planar turbulent wakes in passively stratified medium // Thermophysics and Aeromechanics. - 2025. - Vol. 32, iss. 5. - P. 1057–1067. DOI (Деменков А.Г., Черных Г.Г. Перемешивание в плоских турбулентных следах в пассивно стратифицированной среде // Теплофизика и аэромеханика. – 2025. – Т. 32, № 5. – С. 861–871. DOI ; РИНЦ )
2025	169	NEITHER_QUEUE	LCG_SEED_20261008_24_OF_194	BROAD_ACADEMIC_BACKGROUND	LOW	BROADER_ADJACENT_NO_DIRECT_PHONE_DECISION	TITLE_ONLY_DOI_AFFILIATION_VERSION_NOT_VALIDATED	NOT_COUNTABLE_TITLE_SCREEN_ONLY	https://www.itp.nsc.ru/publikacii/2025/2025stati/9.html	Pakhomov M.A. Numerical simulation of droplet-laden flow in a cylindrical duct in the absence of cross-flow // Journal of Engineering Thermophysics. – 2025. – Vol. 34, iss. 4. – P. 699–708. DOI ; РИНЦ
2025	197	NEITHER_QUEUE	LCG_SEED_20261008_24_OF_194	TRANSFERABLE_TWO_PHASE_REGIME	HIGH	ACADEMIC_MECHANISM_CANDIDATE_NOT_PHONE_PROOF	SECONDARY_RU_EN_VERSIONS_UNKNOWN	NOT_COUNTABLE_TITLE_SCREEN_ONLY	https://www.itp.nsc.ru/publikacii/2025/2025stati/10.html	Zdornikov S.A., Isaenkov S.V., Cherdantsev A.V. S. Stratified-to-annular transition in a horizontal pipe for different liquids // Journal of Flow Visualization and Image Processing. –2025. – Vol. 32, iss. 4. – P. 19–27. DOI ; РИНЦ
2025	207	NEITHER_QUEUE	LCG_SEED_20261008_24_OF_194	OUT_OF_SCOPE	LOW	EXCLUDE_FROM_MOBILE_TOPIC_2025	TITLE_ONLY_DOI_AFFILIATION_VERSION_NOT_VALIDATED	NOT_COUNTABLE_TITLE_SCREEN_ONLY	https://www.itp.nsc.ru/publikacii/2025/2025stati/11.html	Yanovskiy L.S., Borovik I.N., Tyulkov K.V., Bindiman A.P., Mukambetov R.Ya., Rebrov S.G. Study on methane plasma-chemical pyrolysis // Thermophysics and Aeromechanics. - 2025. - Vol. 32, iss. 1. - P. 179-182. DOI ; РИНЦ (Яновский Л.С., Боровик И.Н., Тюльков К.В., Биндиман А.П., Мукамбетов Р.Я., Ребров С.Г. Исследование плазмохимического пиролиза метана // Теплофизика и аэромеханика. - 2025. - Т. 32, № 1. - С. 193-197. DOI ; РИНЦ )
2025	219	NEITHER_QUEUE	LCG_SEED_20261008_24_OF_194	OUT_OF_SCOPE	LOW	EXCLUDE_FROM_MOBILE_TOPIC_2025	TITLE_ONLY_DOI_AFFILIATION_VERSION_NOT_VALIDATED	NOT_COUNTABLE_TITLE_SCREEN_ONLY	https://www.itp.nsc.ru/publikacii/2025/2025stati/11.html	Kuznetsov G.V., Romanov D.S., Strizhak P.A. The possibility of using liquid biofuels with additives of vegetable oils and fatty acid esters // Thermophysics and Aeromechanics. - 2025. - Vol. 32, iss. 2. - P. 435-447. DOI ; РИНЦ (Кузнецов Г.В., Романов Д.С., Стрижак П.А. О возможности использования жидких биотоплив с добавками растительных масел и эфиров жирных кислот // Теплофизика и аэромеханика. - 2025. - Т. 32, № 2. - С. 387-400. РИНЦ )
2025	221	NEITHER_QUEUE	LCG_SEED_20261008_24_OF_194	OUT_OF_SCOPE	LOW	EXCLUDE_FROM_MOBILE_TOPIC_2025	TITLE_ONLY_DOI_AFFILIATION_VERSION_NOT_VALIDATED	NOT_COUNTABLE_TITLE_SCREEN_ONLY	https://www.itp.nsc.ru/publikacii/2025/2025stati/12.html	Fedyaeva O.N., Grebennikov A.P., Vostrikov A.A. The role of water in the oxidation of lead and bismuth by high-density water-oxygen fluid // The Journal of Supercritical Fluids. –2025. – Vol. 218. – 106509. DOI ; РИНЦ
2025	232	NEITHER_QUEUE	LCG_SEED_20261008_24_OF_194	BROAD_ACADEMIC_BACKGROUND	LOW	BROADER_ADJACENT_NO_DIRECT_PHONE_DECISION	TITLE_ONLY_DOI_AFFILIATION_VERSION_NOT_VALIDATED	NOT_COUNTABLE_TITLE_SCREEN_ONLY	https://www.itp.nsc.ru/publikacii/2025/2025stati/12.html	Vozhakov I.S., Hrebtov M.Yu., Yavorskii N.I., Mullyadzhanov R.I. Two-component swirling jet atomization with static vortex generators // Physics of Fluids. – 2025. – Vol. 37, iss. 7. - 073305. - 10 p. DOI ; РИНЦ
2025	241	NEITHER_QUEUE	LCG_SEED_20261008_24_OF_194	OUT_OF_SCOPE	LOW	EXCLUDE_FROM_MOBILE_TOPIC_2025	TITLE_ONLY_DOI_AFFILIATION_VERSION_NOT_VALIDATED	NOT_COUNTABLE_TITLE_SCREEN_ONLY	https://www.itp.nsc.ru/publikacii/2025/2025stati/13.html	Литвинцев К.Ю., Мешкова В.Д., Филимонов С.А. Влияние метеоусловий на формирование пешеходной комфортности на примере городского квартала Красноярска // Географический вестник. – 2025. – № 4 (75). – С. 105–118. DOI ; РИНЦ
2025	254	NEITHER_QUEUE	LCG_SEED_20261008_24_OF_194	OUT_OF_SCOPE	LOW	EXCLUDE_FROM_MOBILE_TOPIC_2025	TITLE_ONLY_DOI_AFFILIATION_VERSION_NOT_VALIDATED	NOT_COUNTABLE_TITLE_SCREEN_ONLY	https://www.itp.nsc.ru/publikacii/2025/2025stati/13.html	Пономарев А.А., Мулляджанов Р.И., Дулин В.М. Моделирование бунзеновского пламени метана в слабом поперечном электрическом поле // Горение и взрыв. – 2025. – Т. 18, № 2 (47). – С. 3–12. DOI ; РИНЦ
2025	263	NEITHER_QUEUE	LCG_SEED_20261008_24_OF_194	OUT_OF_SCOPE	LOW	EXCLUDE_FROM_MOBILE_TOPIC_2025	TITLE_ONLY_DOI_AFFILIATION_VERSION_NOT_VALIDATED	NOT_COUNTABLE_TITLE_SCREEN_ONLY	https://www.itp.nsc.ru/publikacii/2025/2025stati/14.html	Константинов В.О., Щукин В.Г. Плазмохимическое получение углеводородов группы С 2 из метана // Успехи прикладной физики. – 2025. – Т. 13, № 5. – С. 429–436. РИНЦ
2025	267	NEITHER_QUEUE	LCG_SEED_20261008_24_OF_194	BROAD_ACADEMIC_BACKGROUND	MEDIUM	BROADER_ADJACENT_NO_DIRECT_PHONE_DECISION	TITLE_ONLY_DOI_AFFILIATION_VERSION_NOT_VALIDATED	NOT_COUNTABLE_TITLE_SCREEN_ONLY	https://www.itp.nsc.ru/publikacii/2025/2025stati/14.html	Терехов В.И., Чохар И.А., Ян Лун Н. Турбулентное течение в узком канале при наличии на одной из стенок однорядного пакета наклонных траншейных лунок // Известия Российской академии наук. Механика жидкости и газа. – 2025. – № 4. – С. 105–116. DOI ; РИНЦ
