raw_ordinal	topic	original_work_title	work_identity	confirmed_issue_year	online_year_or_translation	original_affiliation_boundary	reconciled_status	counting_policy	original_evidence
46	P1_DRY_SPOT_LABELS	Dynamics of bubbles and dry spots under the heated downward-facing substrate	10.1615/InterfacPhenomHeatTransfer.2024054467_SECONDARY	2025_ISSUE	2024_SECONDARY_ONLINE_DATE_HOLD	Kutataladze_Kabov_and_INTERNATIONAL_CHINA_COAUTHORS_PUBLISHER_AFFIL_HOLD	PUBLISHER_DIRECT_BLOCKED_SECONDARY_DOI	ONE_WORK_CANDIDATE_NOT_CANONICAL	https://www.itp.nsc.ru/publikacii/2025/2025stati/3.html
97	P1_POTENTIAL_SENSOR_ENABLER	Heat flux sensor based on thin-film YBCO	2025_AVTOMETRIYA_61_6_33_42_RU;10.3103/S8756699025700803_EN	2025_RUSSIAN_61_6	2026_ENGLISH_SECONDARY	KUT_2AUTHORS_RZHANOV_3AUTHORS_SKOLTECH_1AUTHOR_FROM_ORIGINAL	ORIGINAL_RUSSIAN_PUBLISHER_CONFIRMED_EN_TRANSLATION_SECONDARY	ONE_RU_EN_SCIENTIFIC_WORK_MULTI_INSTITUTION_NOT_TWO	https://sibran.ru/en/journals/issue.php?ARTICLE_ID=191394&ID=191390
106	DIELECTRIC_DROPLET_HOT_SURFACE	HFE-7100 Droplet Interaction with a Superheated Surface	10.1134/S1810232825010072	2025_J_ENG_THERMOPHYS_34_1	2025_ONLINE_SECONDARY	Sitnikov_Gatapova_KUT_RECORD_AND_AUTHOR_SECONDARY_INSTITUTE_AFFIL_HOLD	PUBLISHER_DOI_FROM_BIBLIOGRAPHY_SECONDARY_ONLY	SEPARATE_WORK_FROM_2024_IJTS_DOI_NOT_COUNT_TWICE_BY_TITLE_ALONE	https://www.itp.nsc.ru/publikacii/2025/2025stati/6.html
2024-COMP	DIELECTRIC_DROPLET_BENCHMARK	Boiling regimes of HFE-7100 and water droplets at impact on a superheated surface	10.1016/j.ijthermalsci.2024.109317	2024_IJTS_VOL206_DEC	2024_PUBLISHER	Gatapova_Sitnikov_COAUTHORS_2024_INSTITUTION_TIME_NOT_CHECKED	ELSEVIER_ORIGINAL_VERIFIED	2024_ORIGINAL_DIFFERENT_FROM_2025_106_DOI_AND_TITLE	https://www.sciencedirect.com/science/article/pii/S1290072924004393
137	THIN_DROPLET_SCHLIEREN_METROLOGY	Isothermal Evaporation of a Thin Liquid Droplet on Porous Surfaces: Measurements of Thicknesses by the Schlieren Method	10.1134/S1810232825020079_SECONDARY	2025_J_ENG_THERMOPHYS_34_2	2025_SECONDARY	Peschenyuk_Ayvazyan_Semenov_Lebedev_Gatapova_MIXED_AFFILIATIONS_HOLD	SCOPUS_AUTHOR_LIST_SECONDARY_PUBLISHER_LANDING_NOT_VERIFIED	ONE_WORK_CANDIDATE_AFFILIATION_HOLD	https://www.itp.nsc.ru/publikacii/2025/2025stati/7.html
164	DIELECTRIC_POOL_BOILING	Nucleate boiling heat transfer of dielectric liquid HFE-7100 in horizontal layers at various pressures	10.1134/S004060152470068X	2025	2024_DOI_STRING_NO_DATE_INFERENCE	Kutataladze_NSTU_JOINT_PUBLISHER_AFFILIATIONS	ORIGINAL_PUBLISHER_VERIFIED_PREVIOUS_ROUND	ONE_RU_EN_ORIGINAL_IDENTITY_PENDING_NOTE_120MM_SOURCE_NOT_PHONE_VC	https://doi.org/10.1134/S004060152470068X
197	GAS_LIQUID_STRATIFIED_ANNULAR	The effect of liquid properties on stratified-to-annular transition in a horizontal pipe	10.1016/j.ijmultiphaseflow.2025.105552	2026_IJMF_VOL195_JAN15	2025_DOI_SUBSTRING_ONLINE_NOT_CONFIRMED	Zdornikov_Isaenkov_Cherdantsev_PAPER_TIME_INSTITUTION_HOLD	ELSEVIER_ORIGINAL_2026_ISSUE	EXCLUDE_2025_ISSUE_COUNTS_IF_ISSUE_YEAR_RULE_CHECK_EARLIEST_ONLINE	https://www.sciencedirect.com/science/article/abs/pii/S0301932225004276
262	RUSSIAN_FLOW_REGIME_WORK	Stratified-to-annular transition in a flat minichannel	PUBLISHER_DOI_HOLD	2025_KUT_CATALOG_LIST	ONLINE_UNKNOWN	Mungalov_Kochkin_Karchevsky_Kabov_ORIGINAL_RU_AUTHOR_LIST	RUSSIAN_PUBLISHER_UNVERIFIED	DO_NOT_MERGE_WITH_197_196_WITHOUT_AUTHOR_TITLE_DOI_MATCH	https://www.itp.nsc.ru/publikacii/2025/2025stati/14.html
MPEI-IVANOV-2024-THESIS	MPEI_ADJACENT_THERMOSYPHON_OUTPUT	Thermosyphon heat-transfer intensification by micro/nanoparticle coatings (2024 doctoral dissertation)	MPEI_OFFICIAL_2024_757_PDF	2024_THESIS_YEAR	N_A	Nikita_S_Ivanov_MPEI_SUPERVISOR_Yu_A_Kuzma_Kichta	ORIGINAL_PDF_LOCATED_SCREENSHOT_UNAVAILABLE_THESIS_TYPE_ONLY	THESIS_NOT_JOURNAL_ARTICLE_PATENT_OR_YEARLY_PAPER_COUNT	https://mpei.ru/diss/Lists/FilesDissertations/757-%D0%94%D0%B8%D1%81%D1%81%D0%B5%D1%80%D1%82%D0%B0%D1%86%D0%B8%D1%8F.pdf
