measurement_id	actor_id	kind	year	identity_key	family_key	window_class	admission_state	canonical_source_id	original_url	note
KUT-PUB-2024-003	ACT-KUTATELADZE	PAPER	2024	CATALOG:ITP:2024:3		FIVE_YEAR	CANDIDATE_IDENTITY_REVIEW		https://www.itp.nsc.ru/publikacii/2024/2024stati.html	Thermocapillary rupture paper; catalog ordinal is provisional, resolve DOI and existing Source before canonical promotion
KUT-PUB-2025-163	ACT-KUTATELADZE	PAPER	2025	CATALOG:ITP:2025:163		FIVE_YEAR	CANDIDATE_IDENTITY_REVIEW		https://www.itp.nsc.ru/publikacii/2025/2025stati/9.html	HFE-7100 nucleate boiling and pressure; DOI not resolved from catalog snippet, check duplicates
KUT-PAT-2022-2773679	ACT-KUTATELADZE	INVENTION_PATENT	2022	RU2773679		FIVE_YEAR	CANDIDATE_PUBLICATION_VERIFY		https://www.itp.nsc.ru/structura/ctt/patenty.html	Official patent listing: cooling electronics using combined gas and microdroplet flows; verify assignee and full publication identifier before promotion
KUT-PAT-2023-2807853	ACT-KUTATELADZE	INVENTION_PATENT	2023	RU2807853		FIVE_YEAR	CANDIDATE_PUBLICATION_VERIFY		https://www.itp.nsc.ru/structura/ctt/patenty.html	Official patent listing: two-phase single-component cooling system; verify assignee and complete publication identity
KUT-PAT-2024-2822416	ACT-KUTATELADZE	INVENTION_PATENT	2024	RU2822416		FIVE_YEAR	CANDIDATE_PUBLICATION_VERIFY		https://www.itp.nsc.ru/structura/ctt/patenty/patenty_it_so_ran_2024_g/index.html	Official listing: electronics cooling with gas and combined film/droplet flows; verify family and complete kind code
KUT-SOFT-2025-2025697127	ACT-KUTATELADZE	SOFTWARE_CERTIFICATE	2025	RU-SOFTWARE-2025697127		FIVE_YEAR	EXCLUDED_SEPARATE_IP_TYPE		https://www.itp.nsc.ru/structura/ctt/patenty/patenty_it_so_ran_2025_g/index.html	Boiling-in-microchannels telemetry analysis program registration; do NOT count as invention patent
KUT-PAT-2026-2860581	ACT-KUTATELADZE	INVENTION_PATENT	2026	RU2860581C1		YTD_2026	CANONICAL_VERIFIED	PATENT-RU2860581C1	https://patents.google.com/patent/RU2860581C1/en	2026 electronic cooling gas/drop/film device; separate from 2021-25
MPEI-PAPER-2024-AM	ACT-MPEI	PAPER	2024	DOI:10.1134/S0869864324040085		FIVE_YEAR	CANONICAL_VERIFIED	PAPER-RU-MPEI-SKOL-AM-001	https://doi.org/10.1134/S0869864324040085	MPEI / Skoltech coauthored loop thermosyphon; count one global DOI and allow each evidenced institutional affiliation
MPEI-PAPER-2026-AGE	ACT-MPEI	PAPER	2026	DOI:10.1016/j.pes.2026.100314		YTD_2026	CANONICAL_VERIFIED	PAPER-RU-AGE-001	https://doi.org/10.1016/j.pes.2026.100314	Ivanov 42-month capillary-aging line is published in 2026; cannot be credited to 2021-25
THERCON-PAT-2019-RU	ACT-THERCON	INVENTION_PATENT	2019	RU2685078C1	THERCON-LHP-2018-06-29	OUTSIDE_WINDOW	EXCLUDED_OUTSIDE_WINDOW		https://patents.google.com/patent/RU2685078C1/en	Russian electronics cooling LHP grant, published 2019; shared family with WO2020005094A1
THERCON-PAT-2020-WO	ACT-THERCON	INVENTION_PATENT	2020	WO2020005094A1	THERCON-LHP-2018-06-29	OUTSIDE_WINDOW	EXCLUDED_OUTSIDE_WINDOW		https://patents.google.com/patent/WO2020005094A1/en	2020 international family publication; not a second invention and not a five-year output
