id	question_short	workstream	state	current_answer_public_evidence	canonical_or_audit_refs	material_open_gate	next_bounded_action	decision_impact
Q01	Russia institution landscape	ACADEMIC_ACTOR_ATLAS	IN_PROGRESS	26/28 known distinct Russian capability-owner institute Atlas profiles after MSU's two separate units; only HSE and SPbU owner profiles unbuilt; known graph corpus NOT whole Russia census	03-actors/organizations/ACT-MSU/atlas-profile.md;00-project/STATUS.md;00-project/actor-aliases.md	HSE and SPbU remain without institution Atlas; institute outside-graph missing-labs recall unmeasured	Map SPbU and HSE real academic teams with original institution sources, then audit outside recovered corpus.	NO_NEW_PRIORITY_CHANGE
Q02	Labs and key researchers	ACADEMIC_PEOPLE_LAB_OWNERSHIP	IN_PROGRESS	22/25 priority academic root profiles expected after MSU; current MSU Institute of Mechanics Levashov kinetic-gases lab distinct from CMC Faculty Mikhail Lebedev heat/mass simulation laboratory; no new phone device lab assumed	03-actors/labs/ACT-MSU-KINETIC-GASES/README.md;03-actors/labs/ACT-MSU-CMC-HMT/README.md;analysis/academic-team-mapping/msu-phasechange-academic-atlas-2026-10-08.md	HSE/SPbU teams and current lab owners; NSU EITP responsible key person remains unresolved; current device-specific affiliation gaps	Validate HSE/SPbU named current lab leaders and independent same-topic original 2021-25 work.	TEAM_EVIDENCE_IMPROVEMENT
Q03	Real thermal mechanisms and capabilities	RUSSIA_CAPABILITY_ATLAS	SUBSTANTIALLY_ANSWERED	34 Russian capabilities classified with transfer annotations; sources/models vs demonstrated device explicitly distinguished	04-capabilities/;00-project/STATUS.md;analysis/graph-evidence-chain-audit_2026_10_07.md	Review uncovered technology families and experimental ownership of weak domains; do not equate 34 objects with national census	Check mechanism gap with remaining academic institutions and test capability claims against originals	PHASE1_TAXONOMY_STABLE
Q04	2021-2025 science and patents strength	OUTPUT_MEASUREMENT	IN_PROGRESS	Kutataladze original 2025 website has 270 mixed-field bibliography rows: 67 broad keyword hints, 35 curated queue with 26 common, 41 raw-only. All 41 raw-only have now received title-only decisions (2 P1 direct, 10 transferable, 3 enabling, 2 reviews, 3 other-platform, 11 broad and 10 out-of-scope). Also 24 seeded of 194 dual-negative entries screened, containing HFE-7100 droplet and two-phase flow false negatives. MSU 2024 RU/English related work identities and 2025 review staged. Publisher DOI/affiliation, complete external recall and yearly eligible output totals STILL NOT_MEASURED	analysis/output-measurement/pilot-v1/kutateladze-2025-raw-only-41-and-dual-negative-24-topic-screen.tsv;analysis/output-measurement/pilot-v1/kutateladze-2025-expanded-topic-screen-2026-10-08.md;analysis/academic-team-mapping/msu-phasechange-academic-atlas-2026-10-08.md	170 of 194 dual-negative titles unscreened; complete DOI and RU/EN version identity for 2025 Kut sources, external sites missing from original bibliography; complete MPEI team-specific 2024/25 record universe and five-year patent family mapping	Verify original publisher abstracts/DOIs for high-signals #46 #97 #106 #137 #164 #197, match #196/#262, and start comparable complete MPEI 2024/25 coauthor output review. Do not publish annual counts.	MAJOR_FINAL_EVIDENCE_GAP
Q05	Russia versus strongest China and global alternatives	CHINA_GLOBAL_PRESSURE	SUBSTANTIALLY_ANSWERED	Phase1 rejects broad Russia superiority; P1 narrow mechanism-state ground truth may complement China; P2 conditional 42-month reliability; other generic methods pressured by China device prior art	reports/leadership-decision-brief.md;views/russia-vs-china/phase1-management.md;07-decisions/kill-ledger.md	Incremental P1 labels over strong comparator not measured; avoid nonmatched rig performance rankings	Maintain matched comparator and negative-evidence audit only where a candidate changes decision	PHASE1_FROZEN_KEEP
Q06	Smartphone transfer and system overhead	PHONE_TRANSFER	IN_PROGRESS	34/34 Russian capabilities have platform-transfer categorization; phone thickness pump TEC noise device data and longevity evidence not proven across key academic opportunities	04-capabilities/;reports/leadership-decision-brief.md;00-project/STATUS.md	Phone-scale geometry power budget packaging sensor-access and reliability matched evidence absent for key Russia source rigs	Create candidate-specific actual phone scenario plus explicit transfer fail gate	NO_UNVERIFIED_PHONE_PROOF
Q07	Forward-looking technology directions	RESEARCH_TREND_PORTFOLIO	IN_PROGRESS	Failure-aware thermal states health-aware VC extreme thin film LHP methods and modeling reserves documented with future conditions; forecasts remain conditional	05-directions/portfolio.md;reports/leadership-decision-brief.md	Need recent authoritative time-aware evidence why future direction matters and what triggers a changed decision	Build evidence-backed 2027+ trend and unsolved-problem synthesis scoped to top opportunities	NO_AUTOMATIC_HYPE_PROMOTION
Q08	Why Russia collaboration rather than China/internal	INCREMENTAL_CONTROL_POINT	IN_PROGRESS	Potential P1 mechanism-resolved failure labels and conditional P2 longitudinal capillary data identified; unique added information and access not demonstrated	reports/leadership-decision-brief.md;analysis/academic-team-mapping/kutateladze-p1-public-evidence-stop-gate-2026-10-08.md;analysis/academic-team-mapping/mpei-team-reliability-pilot-2026-10-08.md	P1 raw labels repeatability information gain; P2 time-course rights and predictive precursor; internal vs China build cost/resource alternatives	Write explicit build-vs-partner value threshold and public-data insufficiency decision for P1 and P2	MOST_IMPORTANT_DECISION_GAP
Q09	Named partners and research work packages	ACADEMIC_COOPERATION_PACKAGES	IN_PROGRESS	P1 Kutateladze and P2 MPEI internally prepared; TPU hold; current academic leads named; no outreach authorization	reports/collaboration-opportunities/README.md;reports/outreach-prep/P1-KUTATELADZE-TECHNICAL-BRIEF.md;reports/outreach-prep/P2-MPEI-DATA-QUESTIONNAIRE.md	Partner willingness data rights IP scope repeatable deliverable feasibility unverified; explicit request for permission needed before contact	Recast current packages into decision-card criteria without changing canonical priority or implying outreach	NO_CONTACT_AUTHORIZED
Q10	Prioritize reserve hold and kill choices	LEADERSHIP_PORTFOLIO	SUBSTANTIALLY_ANSWERED	Phase1 P1 primary; MPEI P2 conditional reserve; TPU hold; reserves watch kill boundaries with China/global pressure and evidence gates	reports/leadership-decision-brief.md;07-decisions/syntheses/SYN-CURRENT-PORTFOLIO.md;07-decisions/kill-ledger.md	Final academic coverage and quantitative output context pending; strategic reopen only with new decision-grade evidence	Keep Phase1 portfolio frozen; add final comparability and named proposal after Q01 Q04 Q08 gaps addressed	PHASE1_DECISION_CLOSED_FINAL_INTEGRATION_OPEN
