actor_id	research_organization_class	research_depth	canonical_actor_type
ACT-ASTU	ACADEMIC_UNIVERSITY	PRIMARY	ORGANIZATION
ACT-BMSTU	ACADEMIC_UNIVERSITY	PRIMARY	ORGANIZATION
ACT-DGTU	ACADEMIC_UNIVERSITY	PRIMARY	ORGANIZATION
ACT-FRUMKIN	ACADEMIC_RESEARCH_INSTITUTE	PRIMARY	ORGANIZATION
ACT-HSE	ACADEMIC_UNIVERSITY	PRIMARY	ORGANIZATION
ACT-ICM-KRASN	ACADEMIC_RESEARCH_INSTITUTE	PRIMARY	ORGANIZATION
ACT-ITMO	ACADEMIC_UNIVERSITY	PRIMARY	ORGANIZATION
ACT-ITP-UBRAS	ACADEMIC_RESEARCH_INSTITUTE	PRIMARY	ORGANIZATION
ACT-JIHT	ACADEMIC_RESEARCH_INSTITUTE	PRIMARY	ORGANIZATION
ACT-KUTATELADZE	ACADEMIC_RESEARCH_INSTITUTE	PRIMARY	ORGANIZATION
ACT-LAVOCHKIN	INDUSTRIAL_ORG	CONTEXT_ONLY	ORGANIZATION
ACT-LAVRENTYEV	ACADEMIC_RESEARCH_INSTITUTE	PRIMARY	ORGANIZATION
ACT-MEPHI	ACADEMIC_UNIVERSITY	PRIMARY	ORGANIZATION
ACT-MISIS	ACADEMIC_UNIVERSITY	PRIMARY	ORGANIZATION
ACT-MPEI	ACADEMIC_UNIVERSITY	PRIMARY	ORGANIZATION
ACT-MSU	ACADEMIC_UNIVERSITY	PRIMARY	ORGANIZATION
ACT-NEWFROST	COMPANY	CONTEXT_ONLY	COMPANY
ACT-NOVSU	ACADEMIC_UNIVERSITY	PRIMARY	ORGANIZATION
ACT-NSU	ACADEMIC_UNIVERSITY	PRIMARY	ORGANIZATION
ACT-PNRPU	ACADEMIC_UNIVERSITY	PRIMARY	ORGANIZATION
ACT-SKOLTECH	ACADEMIC_UNIVERSITY	PRIMARY	ORGANIZATION
ACT-SPBPU	ACADEMIC_UNIVERSITY	PRIMARY	ORGANIZATION
ACT-SPBU	ACADEMIC_UNIVERSITY	PRIMARY	ORGANIZATION
ACT-TAIS	COMPANY	CONTEXT_ONLY	COMPANY
ACT-THERCON	COMPANY	CONTEXT_ONLY	COMPANY
ACT-TPU	ACADEMIC_UNIVERSITY	PRIMARY	ORGANIZATION
ACT-TSAGI	APPLIED_RESEARCH_ORG	SELECTIVE	ORGANIZATION
ACT-TSU	ACADEMIC_UNIVERSITY	PRIMARY	ORGANIZATION
ACT-URFU	ACADEMIC_UNIVERSITY	PRIMARY	ORGANIZATION
ACT-UUST	ACADEMIC_UNIVERSITY	PRIMARY	ORGANIZATION
